[2026-02-19T11:43:28.343+0000] {processor.py:157} INFO - Started process (PID=163) to work on /opt/airflow/dags/weather_dag.py
[2026-02-19T11:43:28.348+0000] {processor.py:829} INFO - Processing file /opt/airflow/dags/weather_dag.py for tasks to queue
[2026-02-19T11:43:28.351+0000] {logging_mixin.py:154} INFO - [2026-02-19T11:43:28.350+0000] {dagbag.py:536} INFO - Filling up the DagBag from /opt/airflow/dags/weather_dag.py
[2026-02-19T11:43:34.921+0000] {processor.py:839} INFO - DAG(s) dict_keys(['weather_etl_v1']) retrieved from /opt/airflow/dags/weather_dag.py
[2026-02-19T11:43:35.872+0000] {logging_mixin.py:154} INFO - [2026-02-19T11:43:35.872+0000] {manager.py:499} INFO - Created Permission View: %s
[2026-02-19T11:43:36.264+0000] {logging_mixin.py:154} INFO - [2026-02-19T11:43:36.263+0000] {manager.py:499} INFO - Created Permission View: %s
[2026-02-19T11:43:36.322+0000] {logging_mixin.py:154} INFO - [2026-02-19T11:43:36.322+0000] {manager.py:499} INFO - Created Permission View: %s
[2026-02-19T11:43:36.324+0000] {logging_mixin.py:154} INFO - [2026-02-19T11:43:36.324+0000] {dag.py:2941} INFO - Sync 1 DAGs
[2026-02-19T11:43:36.345+0000] {logging_mixin.py:154} INFO - [2026-02-19T11:43:36.344+0000] {dag.py:2963} INFO - Creating ORM DAG for weather_etl_v1
[2026-02-19T11:43:36.363+0000] {logging_mixin.py:154} INFO - [2026-02-19T11:43:36.363+0000] {dag.py:3722} INFO - Setting next_dagrun for weather_etl_v1 to 2026-02-19T10:00:00+00:00, run_after=2026-02-19T11:00:00+00:00
[2026-02-19T11:43:36.464+0000] {processor.py:179} INFO - Processing /opt/airflow/dags/weather_dag.py took 8.131 seconds
[2026-02-19T11:44:06.863+0000] {processor.py:157} INFO - Started process (PID=169) to work on /opt/airflow/dags/weather_dag.py
[2026-02-19T11:44:06.865+0000] {processor.py:829} INFO - Processing file /opt/airflow/dags/weather_dag.py for tasks to queue
[2026-02-19T11:44:06.867+0000] {logging_mixin.py:154} INFO - [2026-02-19T11:44:06.866+0000] {dagbag.py:536} INFO - Filling up the DagBag from /opt/airflow/dags/weather_dag.py
[2026-02-19T11:44:07.587+0000] {processor.py:839} INFO - DAG(s) dict_keys(['weather_etl_v1']) retrieved from /opt/airflow/dags/weather_dag.py
[2026-02-19T11:44:07.621+0000] {logging_mixin.py:154} INFO - [2026-02-19T11:44:07.618+0000] {dag.py:2941} INFO - Sync 1 DAGs
[2026-02-19T11:44:07.658+0000] {logging_mixin.py:154} INFO - [2026-02-19T11:44:07.658+0000] {dag.py:3722} INFO - Setting next_dagrun for weather_etl_v1 to 2026-02-19T10:00:00+00:00, run_after=2026-02-19T11:00:00+00:00
[2026-02-19T11:44:07.906+0000] {processor.py:179} INFO - Processing /opt/airflow/dags/weather_dag.py took 1.047 seconds
[2026-02-19T11:44:38.948+0000] {processor.py:157} INFO - Started process (PID=175) to work on /opt/airflow/dags/weather_dag.py
[2026-02-19T11:44:38.950+0000] {processor.py:829} INFO - Processing file /opt/airflow/dags/weather_dag.py for tasks to queue
[2026-02-19T11:44:38.954+0000] {logging_mixin.py:154} INFO - [2026-02-19T11:44:38.953+0000] {dagbag.py:536} INFO - Filling up the DagBag from /opt/airflow/dags/weather_dag.py
[2026-02-19T11:44:48.887+0000] {processor.py:839} INFO - DAG(s) dict_keys(['weather_etl_v1']) retrieved from /opt/airflow/dags/weather_dag.py
[2026-02-19T11:44:49.067+0000] {logging_mixin.py:154} INFO - [2026-02-19T11:44:49.066+0000] {dag.py:2941} INFO - Sync 1 DAGs
[2026-02-19T11:44:49.302+0000] {logging_mixin.py:154} INFO - [2026-02-19T11:44:49.301+0000] {dag.py:3722} INFO - Setting next_dagrun for weather_etl_v1 to 2026-02-19T10:00:00+00:00, run_after=2026-02-19T11:00:00+00:00
[2026-02-19T11:44:50.019+0000] {processor.py:179} INFO - Processing /opt/airflow/dags/weather_dag.py took 7.740 seconds
[2026-02-19T11:45:21.924+0000] {processor.py:157} INFO - Started process (PID=181) to work on /opt/airflow/dags/weather_dag.py
[2026-02-19T11:45:21.927+0000] {processor.py:829} INFO - Processing file /opt/airflow/dags/weather_dag.py for tasks to queue
[2026-02-19T11:45:21.930+0000] {logging_mixin.py:154} INFO - [2026-02-19T11:45:21.929+0000] {dagbag.py:536} INFO - Filling up the DagBag from /opt/airflow/dags/weather_dag.py
[2026-02-19T11:45:23.802+0000] {processor.py:839} INFO - DAG(s) dict_keys(['weather_etl_v1']) retrieved from /opt/airflow/dags/weather_dag.py
[2026-02-19T11:45:23.842+0000] {logging_mixin.py:154} INFO - [2026-02-19T11:45:23.841+0000] {dag.py:2941} INFO - Sync 1 DAGs
[2026-02-19T11:45:23.886+0000] {logging_mixin.py:154} INFO - [2026-02-19T11:45:23.886+0000] {dag.py:3722} INFO - Setting next_dagrun for weather_etl_v1 to 2026-02-19T10:00:00+00:00, run_after=2026-02-19T11:00:00+00:00
[2026-02-19T11:45:24.036+0000] {processor.py:179} INFO - Processing /opt/airflow/dags/weather_dag.py took 2.120 seconds
[2026-02-19T11:45:54.560+0000] {processor.py:157} INFO - Started process (PID=187) to work on /opt/airflow/dags/weather_dag.py
[2026-02-19T11:45:54.611+0000] {processor.py:829} INFO - Processing file /opt/airflow/dags/weather_dag.py for tasks to queue
[2026-02-19T11:45:54.615+0000] {logging_mixin.py:154} INFO - [2026-02-19T11:45:54.614+0000] {dagbag.py:536} INFO - Filling up the DagBag from /opt/airflow/dags/weather_dag.py
[2026-02-19T11:46:12.328+0000] {processor.py:839} INFO - DAG(s) dict_keys(['weather_etl_v1']) retrieved from /opt/airflow/dags/weather_dag.py
[2026-02-19T11:46:12.361+0000] {logging_mixin.py:154} INFO - [2026-02-19T11:46:12.361+0000] {dag.py:2941} INFO - Sync 1 DAGs
[2026-02-19T11:46:12.516+0000] {logging_mixin.py:154} INFO - [2026-02-19T11:46:12.515+0000] {dag.py:3722} INFO - Setting next_dagrun for weather_etl_v1 to 2026-02-19T10:00:00+00:00, run_after=2026-02-19T11:00:00+00:00
[2026-02-19T11:46:12.660+0000] {processor.py:179} INFO - Processing /opt/airflow/dags/weather_dag.py took 18.106 seconds
[2026-02-19T11:46:43.083+0000] {processor.py:157} INFO - Started process (PID=193) to work on /opt/airflow/dags/weather_dag.py
[2026-02-19T11:46:47.575+0000] {processor.py:829} INFO - Processing file /opt/airflow/dags/weather_dag.py for tasks to queue
[2026-02-19T11:46:47.830+0000] {logging_mixin.py:154} INFO - [2026-02-19T11:46:47.829+0000] {dagbag.py:536} INFO - Filling up the DagBag from /opt/airflow/dags/weather_dag.py
[2026-02-19T11:46:50.739+0000] {processor.py:839} INFO - DAG(s) dict_keys(['weather_etl_v1']) retrieved from /opt/airflow/dags/weather_dag.py
[2026-02-19T11:46:50.802+0000] {logging_mixin.py:154} INFO - [2026-02-19T11:46:50.801+0000] {dag.py:2941} INFO - Sync 1 DAGs
[2026-02-19T11:46:50.857+0000] {logging_mixin.py:154} INFO - [2026-02-19T11:46:50.856+0000] {dag.py:3722} INFO - Setting next_dagrun for weather_etl_v1 to 2026-02-19T10:00:00+00:00, run_after=2026-02-19T11:00:00+00:00
[2026-02-19T11:46:51.312+0000] {processor.py:179} INFO - Processing /opt/airflow/dags/weather_dag.py took 8.234 seconds
[2026-02-19T11:47:21.624+0000] {processor.py:157} INFO - Started process (PID=199) to work on /opt/airflow/dags/weather_dag.py
[2026-02-19T11:47:21.629+0000] {processor.py:829} INFO - Processing file /opt/airflow/dags/weather_dag.py for tasks to queue
[2026-02-19T11:47:21.632+0000] {logging_mixin.py:154} INFO - [2026-02-19T11:47:21.631+0000] {dagbag.py:536} INFO - Filling up the DagBag from /opt/airflow/dags/weather_dag.py
[2026-02-19T11:47:22.504+0000] {processor.py:839} INFO - DAG(s) dict_keys(['weather_etl_v1']) retrieved from /opt/airflow/dags/weather_dag.py
[2026-02-19T11:47:22.543+0000] {logging_mixin.py:154} INFO - [2026-02-19T11:47:22.541+0000] {dag.py:2941} INFO - Sync 1 DAGs
[2026-02-19T11:47:22.590+0000] {logging_mixin.py:154} INFO - [2026-02-19T11:47:22.590+0000] {dag.py:3722} INFO - Setting next_dagrun for weather_etl_v1 to 2026-02-19T10:00:00+00:00, run_after=2026-02-19T11:00:00+00:00
[2026-02-19T11:47:22.704+0000] {processor.py:179} INFO - Processing /opt/airflow/dags/weather_dag.py took 1.085 seconds
[2026-02-19T11:47:53.045+0000] {processor.py:157} INFO - Started process (PID=205) to work on /opt/airflow/dags/weather_dag.py
[2026-02-19T11:47:53.047+0000] {processor.py:829} INFO - Processing file /opt/airflow/dags/weather_dag.py for tasks to queue
[2026-02-19T11:47:53.057+0000] {logging_mixin.py:154} INFO - [2026-02-19T11:47:53.052+0000] {dagbag.py:536} INFO - Filling up the DagBag from /opt/airflow/dags/weather_dag.py
[2026-02-19T11:47:55.165+0000] {processor.py:839} INFO - DAG(s) dict_keys(['weather_etl_v1']) retrieved from /opt/airflow/dags/weather_dag.py
[2026-02-19T11:47:55.720+0000] {logging_mixin.py:154} INFO - [2026-02-19T11:47:55.719+0000] {dag.py:2941} INFO - Sync 1 DAGs
[2026-02-19T11:47:55.805+0000] {logging_mixin.py:154} INFO - [2026-02-19T11:47:55.805+0000] {dag.py:3722} INFO - Setting next_dagrun for weather_etl_v1 to 2026-02-19T10:00:00+00:00, run_after=2026-02-19T11:00:00+00:00
[2026-02-19T11:47:56.136+0000] {processor.py:179} INFO - Processing /opt/airflow/dags/weather_dag.py took 3.097 seconds
[2026-02-19T11:48:26.707+0000] {processor.py:157} INFO - Started process (PID=211) to work on /opt/airflow/dags/weather_dag.py
[2026-02-19T11:48:26.709+0000] {processor.py:829} INFO - Processing file /opt/airflow/dags/weather_dag.py for tasks to queue
[2026-02-19T11:48:26.711+0000] {logging_mixin.py:154} INFO - [2026-02-19T11:48:26.710+0000] {dagbag.py:536} INFO - Filling up the DagBag from /opt/airflow/dags/weather_dag.py
[2026-02-19T11:48:27.425+0000] {processor.py:839} INFO - DAG(s) dict_keys(['weather_etl_v1']) retrieved from /opt/airflow/dags/weather_dag.py
[2026-02-19T11:48:27.472+0000] {logging_mixin.py:154} INFO - [2026-02-19T11:48:27.471+0000] {dag.py:2941} INFO - Sync 1 DAGs
[2026-02-19T11:48:27.508+0000] {logging_mixin.py:154} INFO - [2026-02-19T11:48:27.508+0000] {dag.py:3722} INFO - Setting next_dagrun for weather_etl_v1 to 2026-02-19T10:00:00+00:00, run_after=2026-02-19T11:00:00+00:00
[2026-02-19T11:48:27.539+0000] {processor.py:179} INFO - Processing /opt/airflow/dags/weather_dag.py took 0.837 seconds
[2026-02-19T11:48:58.394+0000] {processor.py:157} INFO - Started process (PID=217) to work on /opt/airflow/dags/weather_dag.py
[2026-02-19T11:48:58.396+0000] {processor.py:829} INFO - Processing file /opt/airflow/dags/weather_dag.py for tasks to queue
[2026-02-19T11:48:58.398+0000] {logging_mixin.py:154} INFO - [2026-02-19T11:48:58.397+0000] {dagbag.py:536} INFO - Filling up the DagBag from /opt/airflow/dags/weather_dag.py
[2026-02-19T11:48:59.133+0000] {processor.py:839} INFO - DAG(s) dict_keys(['weather_etl_v1']) retrieved from /opt/airflow/dags/weather_dag.py
[2026-02-19T11:48:59.171+0000] {logging_mixin.py:154} INFO - [2026-02-19T11:48:59.170+0000] {dag.py:2941} INFO - Sync 1 DAGs
[2026-02-19T11:48:59.225+0000] {logging_mixin.py:154} INFO - [2026-02-19T11:48:59.225+0000] {dag.py:3722} INFO - Setting next_dagrun for weather_etl_v1 to 2026-02-19T10:00:00+00:00, run_after=2026-02-19T11:00:00+00:00
[2026-02-19T11:48:59.279+0000] {processor.py:179} INFO - Processing /opt/airflow/dags/weather_dag.py took 0.890 seconds
[2026-02-19T11:49:30.238+0000] {processor.py:157} INFO - Started process (PID=223) to work on /opt/airflow/dags/weather_dag.py
[2026-02-19T11:49:30.241+0000] {processor.py:829} INFO - Processing file /opt/airflow/dags/weather_dag.py for tasks to queue
[2026-02-19T11:49:30.243+0000] {logging_mixin.py:154} INFO - [2026-02-19T11:49:30.243+0000] {dagbag.py:536} INFO - Filling up the DagBag from /opt/airflow/dags/weather_dag.py
[2026-02-19T11:49:30.905+0000] {processor.py:839} INFO - DAG(s) dict_keys(['weather_etl_v1']) retrieved from /opt/airflow/dags/weather_dag.py
[2026-02-19T11:49:30.934+0000] {logging_mixin.py:154} INFO - [2026-02-19T11:49:30.934+0000] {dag.py:2941} INFO - Sync 1 DAGs
[2026-02-19T11:49:30.971+0000] {logging_mixin.py:154} INFO - [2026-02-19T11:49:30.971+0000] {dag.py:3722} INFO - Setting next_dagrun for weather_etl_v1 to 2026-02-19T10:00:00+00:00, run_after=2026-02-19T11:00:00+00:00
[2026-02-19T11:49:31.160+0000] {processor.py:179} INFO - Processing /opt/airflow/dags/weather_dag.py took 0.929 seconds
[2026-02-19T11:50:01.973+0000] {processor.py:157} INFO - Started process (PID=229) to work on /opt/airflow/dags/weather_dag.py
[2026-02-19T11:50:02.016+0000] {processor.py:829} INFO - Processing file /opt/airflow/dags/weather_dag.py for tasks to queue
[2026-02-19T11:50:02.019+0000] {logging_mixin.py:154} INFO - [2026-02-19T11:50:02.019+0000] {dagbag.py:536} INFO - Filling up the DagBag from /opt/airflow/dags/weather_dag.py
[2026-02-19T11:50:02.705+0000] {processor.py:839} INFO - DAG(s) dict_keys(['weather_etl_v1']) retrieved from /opt/airflow/dags/weather_dag.py
[2026-02-19T11:50:02.770+0000] {logging_mixin.py:154} INFO - [2026-02-19T11:50:02.769+0000] {dag.py:2941} INFO - Sync 1 DAGs
[2026-02-19T11:50:02.818+0000] {logging_mixin.py:154} INFO - [2026-02-19T11:50:02.818+0000] {dag.py:3722} INFO - Setting next_dagrun for weather_etl_v1 to 2026-02-19T10:00:00+00:00, run_after=2026-02-19T11:00:00+00:00
[2026-02-19T11:50:02.985+0000] {processor.py:179} INFO - Processing /opt/airflow/dags/weather_dag.py took 1.016 seconds
[2026-02-19T11:50:33.782+0000] {processor.py:157} INFO - Started process (PID=235) to work on /opt/airflow/dags/weather_dag.py
[2026-02-19T11:50:36.856+0000] {processor.py:829} INFO - Processing file /opt/airflow/dags/weather_dag.py for tasks to queue
[2026-02-19T11:50:36.869+0000] {logging_mixin.py:154} INFO - [2026-02-19T11:50:36.868+0000] {dagbag.py:536} INFO - Filling up the DagBag from /opt/airflow/dags/weather_dag.py
[2026-02-19T11:50:38.196+0000] {processor.py:839} INFO - DAG(s) dict_keys(['weather_etl_v1']) retrieved from /opt/airflow/dags/weather_dag.py
[2026-02-19T11:50:39.080+0000] {logging_mixin.py:154} INFO - [2026-02-19T11:50:39.079+0000] {dag.py:2941} INFO - Sync 1 DAGs
[2026-02-19T11:50:39.172+0000] {logging_mixin.py:154} INFO - [2026-02-19T11:50:39.172+0000] {dag.py:3722} INFO - Setting next_dagrun for weather_etl_v1 to 2026-02-19T10:00:00+00:00, run_after=2026-02-19T11:00:00+00:00
[2026-02-19T11:50:40.886+0000] {processor.py:179} INFO - Processing /opt/airflow/dags/weather_dag.py took 7.114 seconds
[2026-02-19T11:51:11.856+0000] {processor.py:157} INFO - Started process (PID=241) to work on /opt/airflow/dags/weather_dag.py
[2026-02-19T11:51:12.341+0000] {processor.py:829} INFO - Processing file /opt/airflow/dags/weather_dag.py for tasks to queue
[2026-02-19T11:51:12.345+0000] {logging_mixin.py:154} INFO - [2026-02-19T11:51:12.345+0000] {dagbag.py:536} INFO - Filling up the DagBag from /opt/airflow/dags/weather_dag.py
[2026-02-19T11:51:13.247+0000] {processor.py:839} INFO - DAG(s) dict_keys(['weather_etl_v1']) retrieved from /opt/airflow/dags/weather_dag.py
[2026-02-19T11:51:13.291+0000] {logging_mixin.py:154} INFO - [2026-02-19T11:51:13.290+0000] {dag.py:2941} INFO - Sync 1 DAGs
[2026-02-19T11:51:13.421+0000] {logging_mixin.py:154} INFO - [2026-02-19T11:51:13.421+0000] {dag.py:3722} INFO - Setting next_dagrun for weather_etl_v1 to 2026-02-19T10:00:00+00:00, run_after=2026-02-19T11:00:00+00:00
[2026-02-19T11:51:14.797+0000] {processor.py:179} INFO - Processing /opt/airflow/dags/weather_dag.py took 2.946 seconds
[2026-02-19T11:51:46.695+0000] {processor.py:157} INFO - Started process (PID=247) to work on /opt/airflow/dags/weather_dag.py
[2026-02-19T11:51:46.697+0000] {processor.py:829} INFO - Processing file /opt/airflow/dags/weather_dag.py for tasks to queue
[2026-02-19T11:51:46.699+0000] {logging_mixin.py:154} INFO - [2026-02-19T11:51:46.698+0000] {dagbag.py:536} INFO - Filling up the DagBag from /opt/airflow/dags/weather_dag.py
[2026-02-19T11:51:47.631+0000] {processor.py:839} INFO - DAG(s) dict_keys(['weather_etl_v1']) retrieved from /opt/airflow/dags/weather_dag.py
[2026-02-19T11:51:55.587+0000] {logging_mixin.py:154} INFO - [2026-02-19T11:51:55.586+0000] {dag.py:2941} INFO - Sync 1 DAGs
[2026-02-19T11:51:55.852+0000] {logging_mixin.py:154} INFO - [2026-02-19T11:51:55.852+0000] {dag.py:3722} INFO - Setting next_dagrun for weather_etl_v1 to 2026-02-19T10:00:00+00:00, run_after=2026-02-19T11:00:00+00:00
[2026-02-19T11:51:56.657+0000] {processor.py:179} INFO - Processing /opt/airflow/dags/weather_dag.py took 9.968 seconds
[2026-02-19T11:52:29.882+0000] {processor.py:157} INFO - Started process (PID=253) to work on /opt/airflow/dags/weather_dag.py
[2026-02-19T11:52:29.884+0000] {processor.py:829} INFO - Processing file /opt/airflow/dags/weather_dag.py for tasks to queue
[2026-02-19T11:52:29.889+0000] {logging_mixin.py:154} INFO - [2026-02-19T11:52:29.887+0000] {dagbag.py:536} INFO - Filling up the DagBag from /opt/airflow/dags/weather_dag.py
[2026-02-19T11:52:44.018+0000] {processor.py:839} INFO - DAG(s) dict_keys(['weather_etl_v1']) retrieved from /opt/airflow/dags/weather_dag.py
[2026-02-19T11:52:44.067+0000] {logging_mixin.py:154} INFO - [2026-02-19T11:52:44.066+0000] {dag.py:2941} INFO - Sync 1 DAGs
[2026-02-19T11:52:44.121+0000] {logging_mixin.py:154} INFO - [2026-02-19T11:52:44.121+0000] {dag.py:3722} INFO - Setting next_dagrun for weather_etl_v1 to 2026-02-19T10:00:00+00:00, run_after=2026-02-19T11:00:00+00:00
[2026-02-19T11:52:44.214+0000] {processor.py:179} INFO - Processing /opt/airflow/dags/weather_dag.py took 14.337 seconds
[2026-02-19T11:53:14.577+0000] {processor.py:157} INFO - Started process (PID=259) to work on /opt/airflow/dags/weather_dag.py
[2026-02-19T11:53:14.579+0000] {processor.py:829} INFO - Processing file /opt/airflow/dags/weather_dag.py for tasks to queue
[2026-02-19T11:53:14.581+0000] {logging_mixin.py:154} INFO - [2026-02-19T11:53:14.580+0000] {dagbag.py:536} INFO - Filling up the DagBag from /opt/airflow/dags/weather_dag.py
[2026-02-19T11:53:15.253+0000] {processor.py:839} INFO - DAG(s) dict_keys(['weather_etl_v1']) retrieved from /opt/airflow/dags/weather_dag.py
[2026-02-19T11:53:15.296+0000] {logging_mixin.py:154} INFO - [2026-02-19T11:53:15.295+0000] {dag.py:2941} INFO - Sync 1 DAGs
[2026-02-19T11:53:15.332+0000] {logging_mixin.py:154} INFO - [2026-02-19T11:53:15.331+0000] {dag.py:3722} INFO - Setting next_dagrun for weather_etl_v1 to 2026-02-19T10:00:00+00:00, run_after=2026-02-19T11:00:00+00:00
[2026-02-19T11:53:15.368+0000] {processor.py:179} INFO - Processing /opt/airflow/dags/weather_dag.py took 0.796 seconds
[2026-02-19T11:53:45.498+0000] {processor.py:157} INFO - Started process (PID=265) to work on /opt/airflow/dags/weather_dag.py
[2026-02-19T11:53:45.500+0000] {processor.py:829} INFO - Processing file /opt/airflow/dags/weather_dag.py for tasks to queue
[2026-02-19T11:53:45.502+0000] {logging_mixin.py:154} INFO - [2026-02-19T11:53:45.502+0000] {dagbag.py:536} INFO - Filling up the DagBag from /opt/airflow/dags/weather_dag.py
[2026-02-19T11:53:46.242+0000] {processor.py:839} INFO - DAG(s) dict_keys(['weather_etl_v1']) retrieved from /opt/airflow/dags/weather_dag.py
[2026-02-19T11:53:46.277+0000] {logging_mixin.py:154} INFO - [2026-02-19T11:53:46.276+0000] {dag.py:2941} INFO - Sync 1 DAGs
[2026-02-19T11:53:46.305+0000] {logging_mixin.py:154} INFO - [2026-02-19T11:53:46.305+0000] {dag.py:3722} INFO - Setting next_dagrun for weather_etl_v1 to 2026-02-19T10:00:00+00:00, run_after=2026-02-19T11:00:00+00:00
[2026-02-19T11:53:46.337+0000] {processor.py:179} INFO - Processing /opt/airflow/dags/weather_dag.py took 0.843 seconds
[2026-02-19T11:54:16.762+0000] {processor.py:157} INFO - Started process (PID=271) to work on /opt/airflow/dags/weather_dag.py
[2026-02-19T11:54:16.765+0000] {processor.py:829} INFO - Processing file /opt/airflow/dags/weather_dag.py for tasks to queue
[2026-02-19T11:54:16.767+0000] {logging_mixin.py:154} INFO - [2026-02-19T11:54:16.766+0000] {dagbag.py:536} INFO - Filling up the DagBag from /opt/airflow/dags/weather_dag.py
[2026-02-19T11:54:17.503+0000] {processor.py:839} INFO - DAG(s) dict_keys(['weather_etl_v1']) retrieved from /opt/airflow/dags/weather_dag.py
[2026-02-19T11:54:17.548+0000] {logging_mixin.py:154} INFO - [2026-02-19T11:54:17.548+0000] {dag.py:2941} INFO - Sync 1 DAGs
[2026-02-19T11:54:17.600+0000] {logging_mixin.py:154} INFO - [2026-02-19T11:54:17.599+0000] {dag.py:3722} INFO - Setting next_dagrun for weather_etl_v1 to 2026-02-19T10:00:00+00:00, run_after=2026-02-19T11:00:00+00:00
[2026-02-19T11:54:17.642+0000] {processor.py:179} INFO - Processing /opt/airflow/dags/weather_dag.py took 0.885 seconds
[2026-02-19T11:54:48.355+0000] {processor.py:157} INFO - Started process (PID=277) to work on /opt/airflow/dags/weather_dag.py
[2026-02-19T11:54:48.356+0000] {processor.py:829} INFO - Processing file /opt/airflow/dags/weather_dag.py for tasks to queue
[2026-02-19T11:54:48.361+0000] {logging_mixin.py:154} INFO - [2026-02-19T11:54:48.358+0000] {dagbag.py:536} INFO - Filling up the DagBag from /opt/airflow/dags/weather_dag.py
[2026-02-19T11:54:48.998+0000] {processor.py:839} INFO - DAG(s) dict_keys(['weather_etl_v1']) retrieved from /opt/airflow/dags/weather_dag.py
[2026-02-19T11:54:49.028+0000] {logging_mixin.py:154} INFO - [2026-02-19T11:54:49.028+0000] {dag.py:2941} INFO - Sync 1 DAGs
[2026-02-19T11:54:49.061+0000] {logging_mixin.py:154} INFO - [2026-02-19T11:54:49.061+0000] {dag.py:3722} INFO - Setting next_dagrun for weather_etl_v1 to 2026-02-19T10:00:00+00:00, run_after=2026-02-19T11:00:00+00:00
[2026-02-19T11:54:49.093+0000] {processor.py:179} INFO - Processing /opt/airflow/dags/weather_dag.py took 0.744 seconds
[2026-02-19T11:55:25.823+0000] {processor.py:157} INFO - Started process (PID=283) to work on /opt/airflow/dags/weather_dag.py
[2026-02-19T11:55:25.825+0000] {processor.py:829} INFO - Processing file /opt/airflow/dags/weather_dag.py for tasks to queue
[2026-02-19T11:55:25.828+0000] {logging_mixin.py:154} INFO - [2026-02-19T11:55:25.827+0000] {dagbag.py:536} INFO - Filling up the DagBag from /opt/airflow/dags/weather_dag.py
[2026-02-19T11:55:26.633+0000] {processor.py:839} INFO - DAG(s) dict_keys(['weather_etl_v1']) retrieved from /opt/airflow/dags/weather_dag.py
[2026-02-19T11:55:26.665+0000] {logging_mixin.py:154} INFO - [2026-02-19T11:55:26.664+0000] {dag.py:2941} INFO - Sync 1 DAGs
[2026-02-19T11:55:26.695+0000] {logging_mixin.py:154} INFO - [2026-02-19T11:55:26.694+0000] {dag.py:3722} INFO - Setting next_dagrun for weather_etl_v1 to 2026-02-19T10:00:00+00:00, run_after=2026-02-19T11:00:00+00:00
[2026-02-19T11:55:26.725+0000] {processor.py:179} INFO - Processing /opt/airflow/dags/weather_dag.py took 0.907 seconds
[2026-02-19T11:55:57.533+0000] {processor.py:157} INFO - Started process (PID=289) to work on /opt/airflow/dags/weather_dag.py
[2026-02-19T11:55:57.535+0000] {processor.py:829} INFO - Processing file /opt/airflow/dags/weather_dag.py for tasks to queue
[2026-02-19T11:55:57.537+0000] {logging_mixin.py:154} INFO - [2026-02-19T11:55:57.536+0000] {dagbag.py:536} INFO - Filling up the DagBag from /opt/airflow/dags/weather_dag.py
[2026-02-19T11:55:58.240+0000] {processor.py:839} INFO - DAG(s) dict_keys(['weather_etl_v1']) retrieved from /opt/airflow/dags/weather_dag.py
[2026-02-19T11:55:58.283+0000] {logging_mixin.py:154} INFO - [2026-02-19T11:55:58.282+0000] {dag.py:2941} INFO - Sync 1 DAGs
[2026-02-19T11:55:58.323+0000] {logging_mixin.py:154} INFO - [2026-02-19T11:55:58.323+0000] {dag.py:3722} INFO - Setting next_dagrun for weather_etl_v1 to 2026-02-19T10:00:00+00:00, run_after=2026-02-19T11:00:00+00:00
[2026-02-19T11:55:58.353+0000] {processor.py:179} INFO - Processing /opt/airflow/dags/weather_dag.py took 0.825 seconds
[2026-02-19T11:56:29.008+0000] {processor.py:157} INFO - Started process (PID=295) to work on /opt/airflow/dags/weather_dag.py
[2026-02-19T11:56:29.010+0000] {processor.py:829} INFO - Processing file /opt/airflow/dags/weather_dag.py for tasks to queue
[2026-02-19T11:56:29.012+0000] {logging_mixin.py:154} INFO - [2026-02-19T11:56:29.011+0000] {dagbag.py:536} INFO - Filling up the DagBag from /opt/airflow/dags/weather_dag.py
[2026-02-19T11:56:29.650+0000] {processor.py:839} INFO - DAG(s) dict_keys(['weather_etl_v1']) retrieved from /opt/airflow/dags/weather_dag.py
[2026-02-19T11:56:29.701+0000] {logging_mixin.py:154} INFO - [2026-02-19T11:56:29.700+0000] {dag.py:2941} INFO - Sync 1 DAGs
[2026-02-19T11:56:29.741+0000] {logging_mixin.py:154} INFO - [2026-02-19T11:56:29.741+0000] {dag.py:3722} INFO - Setting next_dagrun for weather_etl_v1 to 2026-02-19T10:00:00+00:00, run_after=2026-02-19T11:00:00+00:00
[2026-02-19T11:56:29.778+0000] {processor.py:179} INFO - Processing /opt/airflow/dags/weather_dag.py took 0.775 seconds
[2026-02-19T11:56:59.991+0000] {processor.py:157} INFO - Started process (PID=301) to work on /opt/airflow/dags/weather_dag.py
[2026-02-19T11:56:59.993+0000] {processor.py:829} INFO - Processing file /opt/airflow/dags/weather_dag.py for tasks to queue
[2026-02-19T11:56:59.995+0000] {logging_mixin.py:154} INFO - [2026-02-19T11:56:59.994+0000] {dagbag.py:536} INFO - Filling up the DagBag from /opt/airflow/dags/weather_dag.py
[2026-02-19T11:57:00.704+0000] {processor.py:839} INFO - DAG(s) dict_keys(['weather_etl_v1']) retrieved from /opt/airflow/dags/weather_dag.py
[2026-02-19T11:57:00.738+0000] {logging_mixin.py:154} INFO - [2026-02-19T11:57:00.737+0000] {dag.py:2941} INFO - Sync 1 DAGs
[2026-02-19T11:57:00.770+0000] {logging_mixin.py:154} INFO - [2026-02-19T11:57:00.770+0000] {dag.py:3722} INFO - Setting next_dagrun for weather_etl_v1 to 2026-02-19T10:00:00+00:00, run_after=2026-02-19T11:00:00+00:00
[2026-02-19T11:57:00.798+0000] {processor.py:179} INFO - Processing /opt/airflow/dags/weather_dag.py took 0.813 seconds
[2026-02-19T11:57:31.120+0000] {processor.py:157} INFO - Started process (PID=307) to work on /opt/airflow/dags/weather_dag.py
[2026-02-19T11:57:31.123+0000] {processor.py:829} INFO - Processing file /opt/airflow/dags/weather_dag.py for tasks to queue
[2026-02-19T11:57:31.125+0000] {logging_mixin.py:154} INFO - [2026-02-19T11:57:31.124+0000] {dagbag.py:536} INFO - Filling up the DagBag from /opt/airflow/dags/weather_dag.py
[2026-02-19T11:57:32.413+0000] {processor.py:839} INFO - DAG(s) dict_keys(['weather_etl_v1']) retrieved from /opt/airflow/dags/weather_dag.py
[2026-02-19T11:57:32.477+0000] {logging_mixin.py:154} INFO - [2026-02-19T11:57:32.476+0000] {dag.py:2941} INFO - Sync 1 DAGs
[2026-02-19T11:57:32.524+0000] {logging_mixin.py:154} INFO - [2026-02-19T11:57:32.524+0000] {dag.py:3722} INFO - Setting next_dagrun for weather_etl_v1 to 2026-02-19T10:00:00+00:00, run_after=2026-02-19T11:00:00+00:00
[2026-02-19T11:57:32.572+0000] {processor.py:179} INFO - Processing /opt/airflow/dags/weather_dag.py took 1.458 seconds
[2026-02-19T11:58:03.280+0000] {processor.py:157} INFO - Started process (PID=313) to work on /opt/airflow/dags/weather_dag.py
[2026-02-19T11:58:03.285+0000] {processor.py:829} INFO - Processing file /opt/airflow/dags/weather_dag.py for tasks to queue
[2026-02-19T11:58:03.298+0000] {logging_mixin.py:154} INFO - [2026-02-19T11:58:03.296+0000] {dagbag.py:536} INFO - Filling up the DagBag from /opt/airflow/dags/weather_dag.py
[2026-02-19T11:58:04.508+0000] {processor.py:839} INFO - DAG(s) dict_keys(['weather_etl_v1']) retrieved from /opt/airflow/dags/weather_dag.py
[2026-02-19T11:58:04.568+0000] {logging_mixin.py:154} INFO - [2026-02-19T11:58:04.567+0000] {dag.py:2941} INFO - Sync 1 DAGs
[2026-02-19T11:58:04.649+0000] {logging_mixin.py:154} INFO - [2026-02-19T11:58:04.648+0000] {dag.py:3722} INFO - Setting next_dagrun for weather_etl_v1 to 2026-02-19T10:00:00+00:00, run_after=2026-02-19T11:00:00+00:00
[2026-02-19T11:58:04.752+0000] {processor.py:179} INFO - Processing /opt/airflow/dags/weather_dag.py took 1.500 seconds
[2026-02-19T11:58:34.874+0000] {processor.py:157} INFO - Started process (PID=319) to work on /opt/airflow/dags/weather_dag.py
[2026-02-19T11:58:34.877+0000] {processor.py:829} INFO - Processing file /opt/airflow/dags/weather_dag.py for tasks to queue
[2026-02-19T11:58:34.891+0000] {logging_mixin.py:154} INFO - [2026-02-19T11:58:34.890+0000] {dagbag.py:536} INFO - Filling up the DagBag from /opt/airflow/dags/weather_dag.py
[2026-02-19T11:58:35.547+0000] {processor.py:839} INFO - DAG(s) dict_keys(['weather_etl_v1']) retrieved from /opt/airflow/dags/weather_dag.py
[2026-02-19T11:58:35.578+0000] {logging_mixin.py:154} INFO - [2026-02-19T11:58:35.577+0000] {dag.py:2941} INFO - Sync 1 DAGs
[2026-02-19T11:58:35.610+0000] {logging_mixin.py:154} INFO - [2026-02-19T11:58:35.610+0000] {dag.py:3722} INFO - Setting next_dagrun for weather_etl_v1 to 2026-02-19T10:00:00+00:00, run_after=2026-02-19T11:00:00+00:00
[2026-02-19T11:58:35.641+0000] {processor.py:179} INFO - Processing /opt/airflow/dags/weather_dag.py took 0.771 seconds
[2026-02-19T11:59:06.209+0000] {processor.py:157} INFO - Started process (PID=325) to work on /opt/airflow/dags/weather_dag.py
[2026-02-19T11:59:06.211+0000] {processor.py:829} INFO - Processing file /opt/airflow/dags/weather_dag.py for tasks to queue
[2026-02-19T11:59:06.214+0000] {logging_mixin.py:154} INFO - [2026-02-19T11:59:06.213+0000] {dagbag.py:536} INFO - Filling up the DagBag from /opt/airflow/dags/weather_dag.py
[2026-02-19T11:59:06.875+0000] {processor.py:839} INFO - DAG(s) dict_keys(['weather_etl_v1']) retrieved from /opt/airflow/dags/weather_dag.py
[2026-02-19T11:59:06.914+0000] {logging_mixin.py:154} INFO - [2026-02-19T11:59:06.913+0000] {dag.py:2941} INFO - Sync 1 DAGs
[2026-02-19T11:59:06.962+0000] {logging_mixin.py:154} INFO - [2026-02-19T11:59:06.961+0000] {dag.py:3722} INFO - Setting next_dagrun for weather_etl_v1 to 2026-02-19T10:00:00+00:00, run_after=2026-02-19T11:00:00+00:00
[2026-02-19T11:59:06.997+0000] {processor.py:179} INFO - Processing /opt/airflow/dags/weather_dag.py took 0.794 seconds
[2026-02-19T11:59:37.717+0000] {processor.py:157} INFO - Started process (PID=331) to work on /opt/airflow/dags/weather_dag.py
[2026-02-19T11:59:37.719+0000] {processor.py:829} INFO - Processing file /opt/airflow/dags/weather_dag.py for tasks to queue
[2026-02-19T11:59:37.721+0000] {logging_mixin.py:154} INFO - [2026-02-19T11:59:37.720+0000] {dagbag.py:536} INFO - Filling up the DagBag from /opt/airflow/dags/weather_dag.py
[2026-02-19T11:59:38.510+0000] {processor.py:839} INFO - DAG(s) dict_keys(['weather_etl_v1']) retrieved from /opt/airflow/dags/weather_dag.py
[2026-02-19T11:59:38.550+0000] {logging_mixin.py:154} INFO - [2026-02-19T11:59:38.549+0000] {dag.py:2941} INFO - Sync 1 DAGs
[2026-02-19T11:59:38.586+0000] {logging_mixin.py:154} INFO - [2026-02-19T11:59:38.586+0000] {dag.py:3722} INFO - Setting next_dagrun for weather_etl_v1 to 2026-02-19T10:00:00+00:00, run_after=2026-02-19T11:00:00+00:00
[2026-02-19T11:59:38.619+0000] {processor.py:179} INFO - Processing /opt/airflow/dags/weather_dag.py took 0.908 seconds
[2026-02-19T12:00:09.358+0000] {processor.py:157} INFO - Started process (PID=337) to work on /opt/airflow/dags/weather_dag.py
[2026-02-19T12:00:09.360+0000] {processor.py:829} INFO - Processing file /opt/airflow/dags/weather_dag.py for tasks to queue
[2026-02-19T12:00:09.365+0000] {logging_mixin.py:154} INFO - [2026-02-19T12:00:09.365+0000] {dagbag.py:536} INFO - Filling up the DagBag from /opt/airflow/dags/weather_dag.py
[2026-02-19T12:00:10.379+0000] {processor.py:839} INFO - DAG(s) dict_keys(['weather_etl_v1']) retrieved from /opt/airflow/dags/weather_dag.py
[2026-02-19T12:00:10.429+0000] {logging_mixin.py:154} INFO - [2026-02-19T12:00:10.428+0000] {dag.py:2941} INFO - Sync 1 DAGs
[2026-02-19T12:00:10.524+0000] {logging_mixin.py:154} INFO - [2026-02-19T12:00:10.515+0000] {dag.py:3722} INFO - Setting next_dagrun for weather_etl_v1 to 2026-02-19T11:00:00+00:00, run_after=2026-02-19T12:00:00+00:00
[2026-02-19T12:00:10.602+0000] {processor.py:179} INFO - Processing /opt/airflow/dags/weather_dag.py took 1.251 seconds
[2026-02-19T12:00:42.478+0000] {processor.py:157} INFO - Started process (PID=343) to work on /opt/airflow/dags/weather_dag.py
[2026-02-19T12:00:42.480+0000] {processor.py:829} INFO - Processing file /opt/airflow/dags/weather_dag.py for tasks to queue
[2026-02-19T12:00:42.484+0000] {logging_mixin.py:154} INFO - [2026-02-19T12:00:42.482+0000] {dagbag.py:536} INFO - Filling up the DagBag from /opt/airflow/dags/weather_dag.py
[2026-02-19T12:00:43.943+0000] {processor.py:839} INFO - DAG(s) dict_keys(['weather_etl_v1']) retrieved from /opt/airflow/dags/weather_dag.py
[2026-02-19T12:00:44.015+0000] {logging_mixin.py:154} INFO - [2026-02-19T12:00:44.015+0000] {dag.py:2941} INFO - Sync 1 DAGs
[2026-02-19T12:00:44.053+0000] {logging_mixin.py:154} INFO - [2026-02-19T12:00:44.053+0000] {dag.py:3722} INFO - Setting next_dagrun for weather_etl_v1 to 2026-02-19T11:00:00+00:00, run_after=2026-02-19T12:00:00+00:00
[2026-02-19T12:00:44.094+0000] {processor.py:179} INFO - Processing /opt/airflow/dags/weather_dag.py took 1.623 seconds
[2026-02-19T12:01:15.811+0000] {processor.py:157} INFO - Started process (PID=349) to work on /opt/airflow/dags/weather_dag.py
[2026-02-19T12:01:15.813+0000] {processor.py:829} INFO - Processing file /opt/airflow/dags/weather_dag.py for tasks to queue
[2026-02-19T12:01:15.815+0000] {logging_mixin.py:154} INFO - [2026-02-19T12:01:15.814+0000] {dagbag.py:536} INFO - Filling up the DagBag from /opt/airflow/dags/weather_dag.py
[2026-02-19T12:01:16.577+0000] {processor.py:839} INFO - DAG(s) dict_keys(['weather_etl_v1']) retrieved from /opt/airflow/dags/weather_dag.py
[2026-02-19T12:01:16.613+0000] {logging_mixin.py:154} INFO - [2026-02-19T12:01:16.612+0000] {dag.py:2941} INFO - Sync 1 DAGs
[2026-02-19T12:01:16.650+0000] {logging_mixin.py:154} INFO - [2026-02-19T12:01:16.650+0000] {dag.py:3722} INFO - Setting next_dagrun for weather_etl_v1 to 2026-02-19T11:00:00+00:00, run_after=2026-02-19T12:00:00+00:00
[2026-02-19T12:01:16.683+0000] {processor.py:179} INFO - Processing /opt/airflow/dags/weather_dag.py took 0.877 seconds
[2026-02-19T12:01:48.853+0000] {processor.py:157} INFO - Started process (PID=355) to work on /opt/airflow/dags/weather_dag.py
[2026-02-19T12:01:48.857+0000] {processor.py:829} INFO - Processing file /opt/airflow/dags/weather_dag.py for tasks to queue
[2026-02-19T12:01:48.863+0000] {logging_mixin.py:154} INFO - [2026-02-19T12:01:48.862+0000] {dagbag.py:536} INFO - Filling up the DagBag from /opt/airflow/dags/weather_dag.py
[2026-02-19T12:01:49.857+0000] {processor.py:839} INFO - DAG(s) dict_keys(['weather_etl_v1']) retrieved from /opt/airflow/dags/weather_dag.py
[2026-02-19T12:01:49.897+0000] {logging_mixin.py:154} INFO - [2026-02-19T12:01:49.896+0000] {dag.py:2941} INFO - Sync 1 DAGs
[2026-02-19T12:01:49.926+0000] {logging_mixin.py:154} INFO - [2026-02-19T12:01:49.926+0000] {dag.py:3722} INFO - Setting next_dagrun for weather_etl_v1 to 2026-02-19T11:00:00+00:00, run_after=2026-02-19T12:00:00+00:00
[2026-02-19T12:01:49.966+0000] {processor.py:179} INFO - Processing /opt/airflow/dags/weather_dag.py took 1.119 seconds
[2026-02-19T12:02:22.586+0000] {processor.py:157} INFO - Started process (PID=361) to work on /opt/airflow/dags/weather_dag.py
[2026-02-19T12:02:22.590+0000] {processor.py:829} INFO - Processing file /opt/airflow/dags/weather_dag.py for tasks to queue
[2026-02-19T12:02:22.594+0000] {logging_mixin.py:154} INFO - [2026-02-19T12:02:22.593+0000] {dagbag.py:536} INFO - Filling up the DagBag from /opt/airflow/dags/weather_dag.py
[2026-02-19T12:02:23.903+0000] {processor.py:839} INFO - DAG(s) dict_keys(['weather_etl_v1']) retrieved from /opt/airflow/dags/weather_dag.py
[2026-02-19T12:02:23.940+0000] {logging_mixin.py:154} INFO - [2026-02-19T12:02:23.939+0000] {dag.py:2941} INFO - Sync 1 DAGs
[2026-02-19T12:02:23.979+0000] {logging_mixin.py:154} INFO - [2026-02-19T12:02:23.978+0000] {dag.py:3722} INFO - Setting next_dagrun for weather_etl_v1 to 2026-02-19T11:00:00+00:00, run_after=2026-02-19T12:00:00+00:00
[2026-02-19T12:02:24.010+0000] {processor.py:179} INFO - Processing /opt/airflow/dags/weather_dag.py took 1.436 seconds
[2026-02-19T12:02:55.812+0000] {processor.py:157} INFO - Started process (PID=367) to work on /opt/airflow/dags/weather_dag.py
[2026-02-19T12:02:55.822+0000] {processor.py:829} INFO - Processing file /opt/airflow/dags/weather_dag.py for tasks to queue
[2026-02-19T12:02:55.824+0000] {logging_mixin.py:154} INFO - [2026-02-19T12:02:55.824+0000] {dagbag.py:536} INFO - Filling up the DagBag from /opt/airflow/dags/weather_dag.py
[2026-02-19T12:02:56.578+0000] {processor.py:839} INFO - DAG(s) dict_keys(['weather_etl_v1']) retrieved from /opt/airflow/dags/weather_dag.py
[2026-02-19T12:02:56.616+0000] {logging_mixin.py:154} INFO - [2026-02-19T12:02:56.615+0000] {dag.py:2941} INFO - Sync 1 DAGs
[2026-02-19T12:02:56.648+0000] {logging_mixin.py:154} INFO - [2026-02-19T12:02:56.648+0000] {dag.py:3722} INFO - Setting next_dagrun for weather_etl_v1 to 2026-02-19T11:00:00+00:00, run_after=2026-02-19T12:00:00+00:00
[2026-02-19T12:02:56.678+0000] {processor.py:179} INFO - Processing /opt/airflow/dags/weather_dag.py took 0.871 seconds
[2026-02-19T12:03:29.114+0000] {processor.py:157} INFO - Started process (PID=373) to work on /opt/airflow/dags/weather_dag.py
[2026-02-19T12:03:29.116+0000] {processor.py:829} INFO - Processing file /opt/airflow/dags/weather_dag.py for tasks to queue
[2026-02-19T12:03:29.118+0000] {logging_mixin.py:154} INFO - [2026-02-19T12:03:29.118+0000] {dagbag.py:536} INFO - Filling up the DagBag from /opt/airflow/dags/weather_dag.py
[2026-02-19T12:03:29.934+0000] {processor.py:839} INFO - DAG(s) dict_keys(['weather_etl_v1']) retrieved from /opt/airflow/dags/weather_dag.py
[2026-02-19T12:03:29.970+0000] {logging_mixin.py:154} INFO - [2026-02-19T12:03:29.969+0000] {dag.py:2941} INFO - Sync 1 DAGs
[2026-02-19T12:03:30.006+0000] {logging_mixin.py:154} INFO - [2026-02-19T12:03:30.006+0000] {dag.py:3722} INFO - Setting next_dagrun for weather_etl_v1 to 2026-02-19T11:00:00+00:00, run_after=2026-02-19T12:00:00+00:00
[2026-02-19T12:03:30.045+0000] {processor.py:179} INFO - Processing /opt/airflow/dags/weather_dag.py took 0.937 seconds
[2026-02-19T12:04:02.863+0000] {processor.py:157} INFO - Started process (PID=379) to work on /opt/airflow/dags/weather_dag.py
[2026-02-19T12:04:02.879+0000] {processor.py:829} INFO - Processing file /opt/airflow/dags/weather_dag.py for tasks to queue
[2026-02-19T12:04:02.884+0000] {logging_mixin.py:154} INFO - [2026-02-19T12:04:02.883+0000] {dagbag.py:536} INFO - Filling up the DagBag from /opt/airflow/dags/weather_dag.py
[2026-02-19T12:04:04.533+0000] {processor.py:839} INFO - DAG(s) dict_keys(['weather_etl_v1']) retrieved from /opt/airflow/dags/weather_dag.py
[2026-02-19T12:04:04.657+0000] {logging_mixin.py:154} INFO - [2026-02-19T12:04:04.657+0000] {dag.py:2941} INFO - Sync 1 DAGs
[2026-02-19T12:04:04.717+0000] {logging_mixin.py:154} INFO - [2026-02-19T12:04:04.716+0000] {dag.py:3722} INFO - Setting next_dagrun for weather_etl_v1 to 2026-02-19T11:00:00+00:00, run_after=2026-02-19T12:00:00+00:00
[2026-02-19T12:04:04.800+0000] {processor.py:179} INFO - Processing /opt/airflow/dags/weather_dag.py took 1.949 seconds
[2026-02-19T12:04:35.630+0000] {processor.py:157} INFO - Started process (PID=385) to work on /opt/airflow/dags/weather_dag.py
[2026-02-19T12:04:35.632+0000] {processor.py:829} INFO - Processing file /opt/airflow/dags/weather_dag.py for tasks to queue
[2026-02-19T12:04:35.634+0000] {logging_mixin.py:154} INFO - [2026-02-19T12:04:35.634+0000] {dagbag.py:536} INFO - Filling up the DagBag from /opt/airflow/dags/weather_dag.py
[2026-02-19T12:04:36.265+0000] {processor.py:839} INFO - DAG(s) dict_keys(['weather_etl_v1']) retrieved from /opt/airflow/dags/weather_dag.py
[2026-02-19T12:04:36.298+0000] {logging_mixin.py:154} INFO - [2026-02-19T12:04:36.297+0000] {dag.py:2941} INFO - Sync 1 DAGs
[2026-02-19T12:04:36.330+0000] {logging_mixin.py:154} INFO - [2026-02-19T12:04:36.330+0000] {dag.py:3722} INFO - Setting next_dagrun for weather_etl_v1 to 2026-02-19T11:00:00+00:00, run_after=2026-02-19T12:00:00+00:00
[2026-02-19T12:04:36.379+0000] {processor.py:179} INFO - Processing /opt/airflow/dags/weather_dag.py took 0.753 seconds
[2026-02-19T12:05:09.109+0000] {processor.py:157} INFO - Started process (PID=391) to work on /opt/airflow/dags/weather_dag.py
[2026-02-19T12:05:09.113+0000] {processor.py:829} INFO - Processing file /opt/airflow/dags/weather_dag.py for tasks to queue
[2026-02-19T12:05:09.117+0000] {logging_mixin.py:154} INFO - [2026-02-19T12:05:09.115+0000] {dagbag.py:536} INFO - Filling up the DagBag from /opt/airflow/dags/weather_dag.py
[2026-02-19T12:05:09.987+0000] {processor.py:839} INFO - DAG(s) dict_keys(['weather_etl_v1']) retrieved from /opt/airflow/dags/weather_dag.py
[2026-02-19T12:05:10.023+0000] {logging_mixin.py:154} INFO - [2026-02-19T12:05:10.023+0000] {dag.py:2941} INFO - Sync 1 DAGs
[2026-02-19T12:05:10.063+0000] {logging_mixin.py:154} INFO - [2026-02-19T12:05:10.062+0000] {dag.py:3722} INFO - Setting next_dagrun for weather_etl_v1 to 2026-02-19T11:00:00+00:00, run_after=2026-02-19T12:00:00+00:00
[2026-02-19T12:05:10.103+0000] {processor.py:179} INFO - Processing /opt/airflow/dags/weather_dag.py took 1.000 seconds
[2026-02-19T12:05:42.799+0000] {processor.py:157} INFO - Started process (PID=397) to work on /opt/airflow/dags/weather_dag.py
[2026-02-19T12:05:42.801+0000] {processor.py:829} INFO - Processing file /opt/airflow/dags/weather_dag.py for tasks to queue
[2026-02-19T12:05:42.803+0000] {logging_mixin.py:154} INFO - [2026-02-19T12:05:42.803+0000] {dagbag.py:536} INFO - Filling up the DagBag from /opt/airflow/dags/weather_dag.py
[2026-02-19T12:05:43.997+0000] {processor.py:839} INFO - DAG(s) dict_keys(['weather_etl_v1']) retrieved from /opt/airflow/dags/weather_dag.py
[2026-02-19T12:05:44.035+0000] {logging_mixin.py:154} INFO - [2026-02-19T12:05:44.035+0000] {dag.py:2941} INFO - Sync 1 DAGs
[2026-02-19T12:05:44.081+0000] {logging_mixin.py:154} INFO - [2026-02-19T12:05:44.081+0000] {dag.py:3722} INFO - Setting next_dagrun for weather_etl_v1 to 2026-02-19T11:00:00+00:00, run_after=2026-02-19T12:00:00+00:00
[2026-02-19T12:05:44.123+0000] {processor.py:179} INFO - Processing /opt/airflow/dags/weather_dag.py took 1.333 seconds
[2026-02-19T12:06:15.855+0000] {processor.py:157} INFO - Started process (PID=403) to work on /opt/airflow/dags/weather_dag.py
[2026-02-19T12:06:15.858+0000] {processor.py:829} INFO - Processing file /opt/airflow/dags/weather_dag.py for tasks to queue
[2026-02-19T12:06:15.860+0000] {logging_mixin.py:154} INFO - [2026-02-19T12:06:15.859+0000] {dagbag.py:536} INFO - Filling up the DagBag from /opt/airflow/dags/weather_dag.py
[2026-02-19T12:06:16.584+0000] {processor.py:839} INFO - DAG(s) dict_keys(['weather_etl_v1']) retrieved from /opt/airflow/dags/weather_dag.py
[2026-02-19T12:06:16.630+0000] {logging_mixin.py:154} INFO - [2026-02-19T12:06:16.630+0000] {dag.py:2941} INFO - Sync 1 DAGs
[2026-02-19T12:06:16.667+0000] {logging_mixin.py:154} INFO - [2026-02-19T12:06:16.667+0000] {dag.py:3722} INFO - Setting next_dagrun for weather_etl_v1 to 2026-02-19T11:00:00+00:00, run_after=2026-02-19T12:00:00+00:00
[2026-02-19T12:06:16.696+0000] {processor.py:179} INFO - Processing /opt/airflow/dags/weather_dag.py took 0.846 seconds
[2026-02-19T12:06:47.461+0000] {processor.py:157} INFO - Started process (PID=409) to work on /opt/airflow/dags/weather_dag.py
[2026-02-19T12:06:47.471+0000] {processor.py:829} INFO - Processing file /opt/airflow/dags/weather_dag.py for tasks to queue
[2026-02-19T12:06:47.474+0000] {logging_mixin.py:154} INFO - [2026-02-19T12:06:47.473+0000] {dagbag.py:536} INFO - Filling up the DagBag from /opt/airflow/dags/weather_dag.py
[2026-02-19T12:06:48.578+0000] {processor.py:839} INFO - DAG(s) dict_keys(['weather_etl_v1']) retrieved from /opt/airflow/dags/weather_dag.py
[2026-02-19T12:06:48.638+0000] {logging_mixin.py:154} INFO - [2026-02-19T12:06:48.637+0000] {dag.py:2941} INFO - Sync 1 DAGs
[2026-02-19T12:06:48.675+0000] {logging_mixin.py:154} INFO - [2026-02-19T12:06:48.675+0000] {dag.py:3722} INFO - Setting next_dagrun for weather_etl_v1 to 2026-02-19T11:00:00+00:00, run_after=2026-02-19T12:00:00+00:00
[2026-02-19T12:06:48.727+0000] {processor.py:179} INFO - Processing /opt/airflow/dags/weather_dag.py took 1.271 seconds
[2026-02-19T12:07:19.312+0000] {processor.py:157} INFO - Started process (PID=415) to work on /opt/airflow/dags/weather_dag.py
[2026-02-19T12:07:19.313+0000] {processor.py:829} INFO - Processing file /opt/airflow/dags/weather_dag.py for tasks to queue
[2026-02-19T12:07:19.316+0000] {logging_mixin.py:154} INFO - [2026-02-19T12:07:19.315+0000] {dagbag.py:536} INFO - Filling up the DagBag from /opt/airflow/dags/weather_dag.py
[2026-02-19T12:07:19.928+0000] {processor.py:839} INFO - DAG(s) dict_keys(['weather_etl_v1']) retrieved from /opt/airflow/dags/weather_dag.py
[2026-02-19T12:07:19.961+0000] {logging_mixin.py:154} INFO - [2026-02-19T12:07:19.961+0000] {dag.py:2941} INFO - Sync 1 DAGs
[2026-02-19T12:07:20.001+0000] {logging_mixin.py:154} INFO - [2026-02-19T12:07:20.001+0000] {dag.py:3722} INFO - Setting next_dagrun for weather_etl_v1 to 2026-02-19T11:00:00+00:00, run_after=2026-02-19T12:00:00+00:00
[2026-02-19T12:07:20.062+0000] {processor.py:179} INFO - Processing /opt/airflow/dags/weather_dag.py took 0.756 seconds
[2026-02-19T12:07:50.641+0000] {processor.py:157} INFO - Started process (PID=421) to work on /opt/airflow/dags/weather_dag.py
[2026-02-19T12:07:50.647+0000] {processor.py:829} INFO - Processing file /opt/airflow/dags/weather_dag.py for tasks to queue
[2026-02-19T12:07:50.650+0000] {logging_mixin.py:154} INFO - [2026-02-19T12:07:50.650+0000] {dagbag.py:536} INFO - Filling up the DagBag from /opt/airflow/dags/weather_dag.py
[2026-02-19T12:07:51.629+0000] {processor.py:839} INFO - DAG(s) dict_keys(['weather_etl_v1']) retrieved from /opt/airflow/dags/weather_dag.py
[2026-02-19T12:07:51.668+0000] {logging_mixin.py:154} INFO - [2026-02-19T12:07:51.667+0000] {dag.py:2941} INFO - Sync 1 DAGs
[2026-02-19T12:07:51.708+0000] {logging_mixin.py:154} INFO - [2026-02-19T12:07:51.708+0000] {dag.py:3722} INFO - Setting next_dagrun for weather_etl_v1 to 2026-02-19T11:00:00+00:00, run_after=2026-02-19T12:00:00+00:00
[2026-02-19T12:07:51.775+0000] {processor.py:179} INFO - Processing /opt/airflow/dags/weather_dag.py took 1.148 seconds
[2026-02-19T12:08:22.207+0000] {processor.py:157} INFO - Started process (PID=427) to work on /opt/airflow/dags/weather_dag.py
[2026-02-19T12:08:22.210+0000] {processor.py:829} INFO - Processing file /opt/airflow/dags/weather_dag.py for tasks to queue
[2026-02-19T12:08:22.212+0000] {logging_mixin.py:154} INFO - [2026-02-19T12:08:22.211+0000] {dagbag.py:536} INFO - Filling up the DagBag from /opt/airflow/dags/weather_dag.py
[2026-02-19T12:08:23.086+0000] {processor.py:839} INFO - DAG(s) dict_keys(['weather_etl_v1']) retrieved from /opt/airflow/dags/weather_dag.py
[2026-02-19T12:08:23.116+0000] {logging_mixin.py:154} INFO - [2026-02-19T12:08:23.115+0000] {dag.py:2941} INFO - Sync 1 DAGs
[2026-02-19T12:08:23.146+0000] {logging_mixin.py:154} INFO - [2026-02-19T12:08:23.145+0000] {dag.py:3722} INFO - Setting next_dagrun for weather_etl_v1 to 2026-02-19T11:00:00+00:00, run_after=2026-02-19T12:00:00+00:00
[2026-02-19T12:08:23.189+0000] {processor.py:179} INFO - Processing /opt/airflow/dags/weather_dag.py took 0.988 seconds
[2026-02-19T12:08:53.910+0000] {processor.py:157} INFO - Started process (PID=433) to work on /opt/airflow/dags/weather_dag.py
[2026-02-19T12:08:53.918+0000] {processor.py:829} INFO - Processing file /opt/airflow/dags/weather_dag.py for tasks to queue
[2026-02-19T12:08:53.925+0000] {logging_mixin.py:154} INFO - [2026-02-19T12:08:53.925+0000] {dagbag.py:536} INFO - Filling up the DagBag from /opt/airflow/dags/weather_dag.py
[2026-02-19T12:08:54.771+0000] {processor.py:839} INFO - DAG(s) dict_keys(['weather_etl_v1']) retrieved from /opt/airflow/dags/weather_dag.py
[2026-02-19T12:08:54.809+0000] {logging_mixin.py:154} INFO - [2026-02-19T12:08:54.808+0000] {dag.py:2941} INFO - Sync 1 DAGs
[2026-02-19T12:08:54.864+0000] {logging_mixin.py:154} INFO - [2026-02-19T12:08:54.864+0000] {dag.py:3722} INFO - Setting next_dagrun for weather_etl_v1 to 2026-02-19T11:00:00+00:00, run_after=2026-02-19T12:00:00+00:00
[2026-02-19T12:08:54.926+0000] {processor.py:179} INFO - Processing /opt/airflow/dags/weather_dag.py took 1.021 seconds
[2026-02-19T12:09:25.565+0000] {processor.py:157} INFO - Started process (PID=439) to work on /opt/airflow/dags/weather_dag.py
[2026-02-19T12:09:25.567+0000] {processor.py:829} INFO - Processing file /opt/airflow/dags/weather_dag.py for tasks to queue
[2026-02-19T12:09:25.569+0000] {logging_mixin.py:154} INFO - [2026-02-19T12:09:25.568+0000] {dagbag.py:536} INFO - Filling up the DagBag from /opt/airflow/dags/weather_dag.py
[2026-02-19T12:09:26.450+0000] {processor.py:839} INFO - DAG(s) dict_keys(['weather_etl_v1']) retrieved from /opt/airflow/dags/weather_dag.py
[2026-02-19T12:09:26.507+0000] {logging_mixin.py:154} INFO - [2026-02-19T12:09:26.505+0000] {dag.py:2941} INFO - Sync 1 DAGs
[2026-02-19T12:09:26.557+0000] {logging_mixin.py:154} INFO - [2026-02-19T12:09:26.557+0000] {dag.py:3722} INFO - Setting next_dagrun for weather_etl_v1 to 2026-02-19T11:00:00+00:00, run_after=2026-02-19T12:00:00+00:00
[2026-02-19T12:09:26.605+0000] {processor.py:179} INFO - Processing /opt/airflow/dags/weather_dag.py took 1.044 seconds
[2026-02-19T12:09:57.181+0000] {processor.py:157} INFO - Started process (PID=445) to work on /opt/airflow/dags/weather_dag.py
[2026-02-19T12:09:57.184+0000] {processor.py:829} INFO - Processing file /opt/airflow/dags/weather_dag.py for tasks to queue
[2026-02-19T12:09:57.185+0000] {logging_mixin.py:154} INFO - [2026-02-19T12:09:57.185+0000] {dagbag.py:536} INFO - Filling up the DagBag from /opt/airflow/dags/weather_dag.py
[2026-02-19T12:09:57.797+0000] {processor.py:839} INFO - DAG(s) dict_keys(['weather_etl_v1']) retrieved from /opt/airflow/dags/weather_dag.py
[2026-02-19T12:09:57.829+0000] {logging_mixin.py:154} INFO - [2026-02-19T12:09:57.828+0000] {dag.py:2941} INFO - Sync 1 DAGs
[2026-02-19T12:09:57.856+0000] {logging_mixin.py:154} INFO - [2026-02-19T12:09:57.856+0000] {dag.py:3722} INFO - Setting next_dagrun for weather_etl_v1 to 2026-02-19T11:00:00+00:00, run_after=2026-02-19T12:00:00+00:00
[2026-02-19T12:09:57.891+0000] {processor.py:179} INFO - Processing /opt/airflow/dags/weather_dag.py took 0.714 seconds
[2026-02-19T12:10:28.659+0000] {processor.py:157} INFO - Started process (PID=451) to work on /opt/airflow/dags/weather_dag.py
[2026-02-19T12:10:28.661+0000] {processor.py:829} INFO - Processing file /opt/airflow/dags/weather_dag.py for tasks to queue
[2026-02-19T12:10:28.662+0000] {logging_mixin.py:154} INFO - [2026-02-19T12:10:28.662+0000] {dagbag.py:536} INFO - Filling up the DagBag from /opt/airflow/dags/weather_dag.py
[2026-02-19T12:10:29.308+0000] {processor.py:839} INFO - DAG(s) dict_keys(['weather_etl_v1']) retrieved from /opt/airflow/dags/weather_dag.py
[2026-02-19T12:10:29.336+0000] {logging_mixin.py:154} INFO - [2026-02-19T12:10:29.336+0000] {dag.py:2941} INFO - Sync 1 DAGs
[2026-02-19T12:10:29.368+0000] {logging_mixin.py:154} INFO - [2026-02-19T12:10:29.367+0000] {dag.py:3722} INFO - Setting next_dagrun for weather_etl_v1 to 2026-02-19T11:00:00+00:00, run_after=2026-02-19T12:00:00+00:00
[2026-02-19T12:10:29.399+0000] {processor.py:179} INFO - Processing /opt/airflow/dags/weather_dag.py took 0.745 seconds
[2026-02-19T12:11:00.110+0000] {processor.py:157} INFO - Started process (PID=457) to work on /opt/airflow/dags/weather_dag.py
[2026-02-19T12:11:00.112+0000] {processor.py:829} INFO - Processing file /opt/airflow/dags/weather_dag.py for tasks to queue
[2026-02-19T12:11:00.114+0000] {logging_mixin.py:154} INFO - [2026-02-19T12:11:00.113+0000] {dagbag.py:536} INFO - Filling up the DagBag from /opt/airflow/dags/weather_dag.py
[2026-02-19T12:11:00.971+0000] {processor.py:839} INFO - DAG(s) dict_keys(['weather_etl_v1']) retrieved from /opt/airflow/dags/weather_dag.py
[2026-02-19T12:11:01.016+0000] {logging_mixin.py:154} INFO - [2026-02-19T12:11:01.015+0000] {dag.py:2941} INFO - Sync 1 DAGs
[2026-02-19T12:11:01.058+0000] {logging_mixin.py:154} INFO - [2026-02-19T12:11:01.057+0000] {dag.py:3722} INFO - Setting next_dagrun for weather_etl_v1 to 2026-02-19T11:00:00+00:00, run_after=2026-02-19T12:00:00+00:00
[2026-02-19T12:11:01.095+0000] {processor.py:179} INFO - Processing /opt/airflow/dags/weather_dag.py took 0.991 seconds
[2026-02-19T12:11:31.908+0000] {processor.py:157} INFO - Started process (PID=463) to work on /opt/airflow/dags/weather_dag.py
[2026-02-19T12:11:31.914+0000] {processor.py:829} INFO - Processing file /opt/airflow/dags/weather_dag.py for tasks to queue
[2026-02-19T12:11:31.933+0000] {logging_mixin.py:154} INFO - [2026-02-19T12:11:31.932+0000] {dagbag.py:536} INFO - Filling up the DagBag from /opt/airflow/dags/weather_dag.py
[2026-02-19T12:11:32.985+0000] {processor.py:839} INFO - DAG(s) dict_keys(['weather_etl_v1']) retrieved from /opt/airflow/dags/weather_dag.py
[2026-02-19T12:11:33.024+0000] {logging_mixin.py:154} INFO - [2026-02-19T12:11:33.022+0000] {dag.py:2941} INFO - Sync 1 DAGs
[2026-02-19T12:11:33.057+0000] {logging_mixin.py:154} INFO - [2026-02-19T12:11:33.057+0000] {dag.py:3722} INFO - Setting next_dagrun for weather_etl_v1 to 2026-02-19T11:00:00+00:00, run_after=2026-02-19T12:00:00+00:00
[2026-02-19T12:11:33.091+0000] {processor.py:179} INFO - Processing /opt/airflow/dags/weather_dag.py took 1.196 seconds
[2026-02-19T12:12:03.493+0000] {processor.py:157} INFO - Started process (PID=469) to work on /opt/airflow/dags/weather_dag.py
[2026-02-19T12:12:03.496+0000] {processor.py:829} INFO - Processing file /opt/airflow/dags/weather_dag.py for tasks to queue
[2026-02-19T12:12:03.498+0000] {logging_mixin.py:154} INFO - [2026-02-19T12:12:03.497+0000] {dagbag.py:536} INFO - Filling up the DagBag from /opt/airflow/dags/weather_dag.py
[2026-02-19T12:12:04.288+0000] {processor.py:839} INFO - DAG(s) dict_keys(['weather_etl_v1']) retrieved from /opt/airflow/dags/weather_dag.py
[2026-02-19T12:12:04.319+0000] {logging_mixin.py:154} INFO - [2026-02-19T12:12:04.318+0000] {dag.py:2941} INFO - Sync 1 DAGs
[2026-02-19T12:12:04.357+0000] {logging_mixin.py:154} INFO - [2026-02-19T12:12:04.357+0000] {dag.py:3722} INFO - Setting next_dagrun for weather_etl_v1 to 2026-02-19T11:00:00+00:00, run_after=2026-02-19T12:00:00+00:00
[2026-02-19T12:12:04.388+0000] {processor.py:179} INFO - Processing /opt/airflow/dags/weather_dag.py took 0.899 seconds
[2026-02-19T12:12:35.046+0000] {processor.py:157} INFO - Started process (PID=475) to work on /opt/airflow/dags/weather_dag.py
[2026-02-19T12:12:35.048+0000] {processor.py:829} INFO - Processing file /opt/airflow/dags/weather_dag.py for tasks to queue
[2026-02-19T12:12:35.050+0000] {logging_mixin.py:154} INFO - [2026-02-19T12:12:35.049+0000] {dagbag.py:536} INFO - Filling up the DagBag from /opt/airflow/dags/weather_dag.py
[2026-02-19T12:12:35.621+0000] {processor.py:839} INFO - DAG(s) dict_keys(['weather_etl_v1']) retrieved from /opt/airflow/dags/weather_dag.py
[2026-02-19T12:12:35.649+0000] {logging_mixin.py:154} INFO - [2026-02-19T12:12:35.649+0000] {dag.py:2941} INFO - Sync 1 DAGs
[2026-02-19T12:12:35.683+0000] {logging_mixin.py:154} INFO - [2026-02-19T12:12:35.683+0000] {dag.py:3722} INFO - Setting next_dagrun for weather_etl_v1 to 2026-02-19T11:00:00+00:00, run_after=2026-02-19T12:00:00+00:00
[2026-02-19T12:12:35.717+0000] {processor.py:179} INFO - Processing /opt/airflow/dags/weather_dag.py took 0.676 seconds
[2026-02-19T12:13:05.964+0000] {processor.py:157} INFO - Started process (PID=481) to work on /opt/airflow/dags/weather_dag.py
[2026-02-19T12:13:05.966+0000] {processor.py:829} INFO - Processing file /opt/airflow/dags/weather_dag.py for tasks to queue
[2026-02-19T12:13:05.969+0000] {logging_mixin.py:154} INFO - [2026-02-19T12:13:05.969+0000] {dagbag.py:536} INFO - Filling up the DagBag from /opt/airflow/dags/weather_dag.py
[2026-02-19T12:13:06.547+0000] {processor.py:839} INFO - DAG(s) dict_keys(['weather_etl_v1']) retrieved from /opt/airflow/dags/weather_dag.py
[2026-02-19T12:13:06.577+0000] {logging_mixin.py:154} INFO - [2026-02-19T12:13:06.576+0000] {dag.py:2941} INFO - Sync 1 DAGs
[2026-02-19T12:13:06.608+0000] {logging_mixin.py:154} INFO - [2026-02-19T12:13:06.607+0000] {dag.py:3722} INFO - Setting next_dagrun for weather_etl_v1 to 2026-02-19T11:00:00+00:00, run_after=2026-02-19T12:00:00+00:00
[2026-02-19T12:13:06.636+0000] {processor.py:179} INFO - Processing /opt/airflow/dags/weather_dag.py took 0.676 seconds
[2026-02-19T12:13:37.016+0000] {processor.py:157} INFO - Started process (PID=487) to work on /opt/airflow/dags/weather_dag.py
[2026-02-19T12:13:37.018+0000] {processor.py:829} INFO - Processing file /opt/airflow/dags/weather_dag.py for tasks to queue
[2026-02-19T12:13:37.020+0000] {logging_mixin.py:154} INFO - [2026-02-19T12:13:37.019+0000] {dagbag.py:536} INFO - Filling up the DagBag from /opt/airflow/dags/weather_dag.py
[2026-02-19T12:13:37.608+0000] {processor.py:839} INFO - DAG(s) dict_keys(['weather_etl_v1']) retrieved from /opt/airflow/dags/weather_dag.py
[2026-02-19T12:13:37.635+0000] {logging_mixin.py:154} INFO - [2026-02-19T12:13:37.634+0000] {dag.py:2941} INFO - Sync 1 DAGs
[2026-02-19T12:13:37.662+0000] {logging_mixin.py:154} INFO - [2026-02-19T12:13:37.661+0000] {dag.py:3722} INFO - Setting next_dagrun for weather_etl_v1 to 2026-02-19T11:00:00+00:00, run_after=2026-02-19T12:00:00+00:00
[2026-02-19T12:13:37.689+0000] {processor.py:179} INFO - Processing /opt/airflow/dags/weather_dag.py took 0.677 seconds
[2026-02-19T12:14:07.832+0000] {processor.py:157} INFO - Started process (PID=493) to work on /opt/airflow/dags/weather_dag.py
[2026-02-19T12:14:07.833+0000] {processor.py:829} INFO - Processing file /opt/airflow/dags/weather_dag.py for tasks to queue
[2026-02-19T12:14:07.835+0000] {logging_mixin.py:154} INFO - [2026-02-19T12:14:07.835+0000] {dagbag.py:536} INFO - Filling up the DagBag from /opt/airflow/dags/weather_dag.py
[2026-02-19T12:14:08.447+0000] {processor.py:839} INFO - DAG(s) dict_keys(['weather_etl_v1']) retrieved from /opt/airflow/dags/weather_dag.py
[2026-02-19T12:14:08.476+0000] {logging_mixin.py:154} INFO - [2026-02-19T12:14:08.475+0000] {dag.py:2941} INFO - Sync 1 DAGs
[2026-02-19T12:14:08.505+0000] {logging_mixin.py:154} INFO - [2026-02-19T12:14:08.505+0000] {dag.py:3722} INFO - Setting next_dagrun for weather_etl_v1 to 2026-02-19T11:00:00+00:00, run_after=2026-02-19T12:00:00+00:00
[2026-02-19T12:14:08.538+0000] {processor.py:179} INFO - Processing /opt/airflow/dags/weather_dag.py took 0.711 seconds
[2026-02-19T12:14:38.904+0000] {processor.py:157} INFO - Started process (PID=499) to work on /opt/airflow/dags/weather_dag.py
[2026-02-19T12:14:38.906+0000] {processor.py:829} INFO - Processing file /opt/airflow/dags/weather_dag.py for tasks to queue
[2026-02-19T12:14:38.908+0000] {logging_mixin.py:154} INFO - [2026-02-19T12:14:38.907+0000] {dagbag.py:536} INFO - Filling up the DagBag from /opt/airflow/dags/weather_dag.py
[2026-02-19T12:14:39.479+0000] {processor.py:839} INFO - DAG(s) dict_keys(['weather_etl_v1']) retrieved from /opt/airflow/dags/weather_dag.py
[2026-02-19T12:14:39.505+0000] {logging_mixin.py:154} INFO - [2026-02-19T12:14:39.504+0000] {dag.py:2941} INFO - Sync 1 DAGs
[2026-02-19T12:14:39.532+0000] {logging_mixin.py:154} INFO - [2026-02-19T12:14:39.532+0000] {dag.py:3722} INFO - Setting next_dagrun for weather_etl_v1 to 2026-02-19T11:00:00+00:00, run_after=2026-02-19T12:00:00+00:00
[2026-02-19T12:14:39.562+0000] {processor.py:179} INFO - Processing /opt/airflow/dags/weather_dag.py took 0.661 seconds
[2026-02-19T12:15:09.775+0000] {processor.py:157} INFO - Started process (PID=505) to work on /opt/airflow/dags/weather_dag.py
[2026-02-19T12:15:09.777+0000] {processor.py:829} INFO - Processing file /opt/airflow/dags/weather_dag.py for tasks to queue
[2026-02-19T12:15:09.779+0000] {logging_mixin.py:154} INFO - [2026-02-19T12:15:09.779+0000] {dagbag.py:536} INFO - Filling up the DagBag from /opt/airflow/dags/weather_dag.py
[2026-02-19T12:15:10.360+0000] {processor.py:839} INFO - DAG(s) dict_keys(['weather_etl_v1']) retrieved from /opt/airflow/dags/weather_dag.py
[2026-02-19T12:15:10.392+0000] {logging_mixin.py:154} INFO - [2026-02-19T12:15:10.391+0000] {dag.py:2941} INFO - Sync 1 DAGs
[2026-02-19T12:15:10.422+0000] {logging_mixin.py:154} INFO - [2026-02-19T12:15:10.422+0000] {dag.py:3722} INFO - Setting next_dagrun for weather_etl_v1 to 2026-02-19T11:00:00+00:00, run_after=2026-02-19T12:00:00+00:00
[2026-02-19T12:15:10.450+0000] {processor.py:179} INFO - Processing /opt/airflow/dags/weather_dag.py took 0.679 seconds
[2026-02-19T12:15:42.797+0000] {processor.py:157} INFO - Started process (PID=511) to work on /opt/airflow/dags/weather_dag.py
[2026-02-19T12:15:42.798+0000] {processor.py:829} INFO - Processing file /opt/airflow/dags/weather_dag.py for tasks to queue
[2026-02-19T12:15:42.800+0000] {logging_mixin.py:154} INFO - [2026-02-19T12:15:42.799+0000] {dagbag.py:536} INFO - Filling up the DagBag from /opt/airflow/dags/weather_dag.py
[2026-02-19T12:15:43.420+0000] {processor.py:839} INFO - DAG(s) dict_keys(['weather_etl_v1']) retrieved from /opt/airflow/dags/weather_dag.py
[2026-02-19T12:15:43.483+0000] {logging_mixin.py:154} INFO - [2026-02-19T12:15:43.483+0000] {dag.py:2941} INFO - Sync 1 DAGs
[2026-02-19T12:15:43.543+0000] {logging_mixin.py:154} INFO - [2026-02-19T12:15:43.543+0000] {dag.py:3722} INFO - Setting next_dagrun for weather_etl_v1 to 2026-02-19T11:00:00+00:00, run_after=2026-02-19T12:00:00+00:00
[2026-02-19T12:15:43.601+0000] {processor.py:179} INFO - Processing /opt/airflow/dags/weather_dag.py took 0.809 seconds
[2026-02-19T12:16:15.807+0000] {processor.py:157} INFO - Started process (PID=517) to work on /opt/airflow/dags/weather_dag.py
[2026-02-19T12:16:15.809+0000] {processor.py:829} INFO - Processing file /opt/airflow/dags/weather_dag.py for tasks to queue
[2026-02-19T12:16:15.810+0000] {logging_mixin.py:154} INFO - [2026-02-19T12:16:15.810+0000] {dagbag.py:536} INFO - Filling up the DagBag from /opt/airflow/dags/weather_dag.py
[2026-02-19T12:16:16.423+0000] {processor.py:839} INFO - DAG(s) dict_keys(['weather_etl_v1']) retrieved from /opt/airflow/dags/weather_dag.py
[2026-02-19T12:16:16.449+0000] {logging_mixin.py:154} INFO - [2026-02-19T12:16:16.449+0000] {dag.py:2941} INFO - Sync 1 DAGs
[2026-02-19T12:16:16.481+0000] {logging_mixin.py:154} INFO - [2026-02-19T12:16:16.480+0000] {dag.py:3722} INFO - Setting next_dagrun for weather_etl_v1 to 2026-02-19T11:00:00+00:00, run_after=2026-02-19T12:00:00+00:00
[2026-02-19T12:16:16.508+0000] {processor.py:179} INFO - Processing /opt/airflow/dags/weather_dag.py took 0.706 seconds
[2026-02-19T12:16:49.168+0000] {processor.py:157} INFO - Started process (PID=523) to work on /opt/airflow/dags/weather_dag.py
[2026-02-19T12:16:49.169+0000] {processor.py:829} INFO - Processing file /opt/airflow/dags/weather_dag.py for tasks to queue
[2026-02-19T12:16:49.171+0000] {logging_mixin.py:154} INFO - [2026-02-19T12:16:49.171+0000] {dagbag.py:536} INFO - Filling up the DagBag from /opt/airflow/dags/weather_dag.py
[2026-02-19T12:16:49.779+0000] {processor.py:839} INFO - DAG(s) dict_keys(['weather_etl_v1']) retrieved from /opt/airflow/dags/weather_dag.py
[2026-02-19T12:16:49.810+0000] {logging_mixin.py:154} INFO - [2026-02-19T12:16:49.810+0000] {dag.py:2941} INFO - Sync 1 DAGs
[2026-02-19T12:16:49.840+0000] {logging_mixin.py:154} INFO - [2026-02-19T12:16:49.840+0000] {dag.py:3722} INFO - Setting next_dagrun for weather_etl_v1 to 2026-02-19T11:00:00+00:00, run_after=2026-02-19T12:00:00+00:00
[2026-02-19T12:16:49.867+0000] {processor.py:179} INFO - Processing /opt/airflow/dags/weather_dag.py took 0.705 seconds
[2026-02-19T12:17:20.826+0000] {processor.py:157} INFO - Started process (PID=529) to work on /opt/airflow/dags/weather_dag.py
[2026-02-19T12:17:20.827+0000] {processor.py:829} INFO - Processing file /opt/airflow/dags/weather_dag.py for tasks to queue
[2026-02-19T12:17:20.829+0000] {logging_mixin.py:154} INFO - [2026-02-19T12:17:20.829+0000] {dagbag.py:536} INFO - Filling up the DagBag from /opt/airflow/dags/weather_dag.py
[2026-02-19T12:17:21.496+0000] {processor.py:839} INFO - DAG(s) dict_keys(['weather_etl_v1']) retrieved from /opt/airflow/dags/weather_dag.py
[2026-02-19T12:17:21.526+0000] {logging_mixin.py:154} INFO - [2026-02-19T12:17:21.525+0000] {dag.py:2941} INFO - Sync 1 DAGs
[2026-02-19T12:17:21.555+0000] {logging_mixin.py:154} INFO - [2026-02-19T12:17:21.555+0000] {dag.py:3722} INFO - Setting next_dagrun for weather_etl_v1 to 2026-02-19T11:00:00+00:00, run_after=2026-02-19T12:00:00+00:00
[2026-02-19T12:17:21.584+0000] {processor.py:179} INFO - Processing /opt/airflow/dags/weather_dag.py took 0.762 seconds
[2026-02-19T12:17:52.647+0000] {processor.py:157} INFO - Started process (PID=535) to work on /opt/airflow/dags/weather_dag.py
[2026-02-19T12:17:52.657+0000] {processor.py:829} INFO - Processing file /opt/airflow/dags/weather_dag.py for tasks to queue
[2026-02-19T12:17:52.663+0000] {logging_mixin.py:154} INFO - [2026-02-19T12:17:52.663+0000] {dagbag.py:536} INFO - Filling up the DagBag from /opt/airflow/dags/weather_dag.py
[2026-02-19T12:17:53.416+0000] {processor.py:839} INFO - DAG(s) dict_keys(['weather_etl_v1']) retrieved from /opt/airflow/dags/weather_dag.py
[2026-02-19T12:17:53.445+0000] {logging_mixin.py:154} INFO - [2026-02-19T12:17:53.444+0000] {dag.py:2941} INFO - Sync 1 DAGs
[2026-02-19T12:17:53.473+0000] {logging_mixin.py:154} INFO - [2026-02-19T12:17:53.473+0000] {dag.py:3722} INFO - Setting next_dagrun for weather_etl_v1 to 2026-02-19T11:00:00+00:00, run_after=2026-02-19T12:00:00+00:00
[2026-02-19T12:17:53.505+0000] {processor.py:179} INFO - Processing /opt/airflow/dags/weather_dag.py took 0.863 seconds
[2026-02-19T12:18:24.441+0000] {processor.py:157} INFO - Started process (PID=541) to work on /opt/airflow/dags/weather_dag.py
[2026-02-19T12:18:24.443+0000] {processor.py:829} INFO - Processing file /opt/airflow/dags/weather_dag.py for tasks to queue
[2026-02-19T12:18:24.445+0000] {logging_mixin.py:154} INFO - [2026-02-19T12:18:24.444+0000] {dagbag.py:536} INFO - Filling up the DagBag from /opt/airflow/dags/weather_dag.py
[2026-02-19T12:18:25.023+0000] {processor.py:839} INFO - DAG(s) dict_keys(['weather_etl_v1']) retrieved from /opt/airflow/dags/weather_dag.py
[2026-02-19T12:18:25.053+0000] {logging_mixin.py:154} INFO - [2026-02-19T12:18:25.053+0000] {dag.py:2941} INFO - Sync 1 DAGs
[2026-02-19T12:18:25.085+0000] {logging_mixin.py:154} INFO - [2026-02-19T12:18:25.085+0000] {dag.py:3722} INFO - Setting next_dagrun for weather_etl_v1 to 2026-02-19T11:00:00+00:00, run_after=2026-02-19T12:00:00+00:00
[2026-02-19T12:18:25.111+0000] {processor.py:179} INFO - Processing /opt/airflow/dags/weather_dag.py took 0.674 seconds
[2026-02-19T12:18:55.825+0000] {processor.py:157} INFO - Started process (PID=547) to work on /opt/airflow/dags/weather_dag.py
[2026-02-19T12:18:55.826+0000] {processor.py:829} INFO - Processing file /opt/airflow/dags/weather_dag.py for tasks to queue
[2026-02-19T12:18:55.828+0000] {logging_mixin.py:154} INFO - [2026-02-19T12:18:55.827+0000] {dagbag.py:536} INFO - Filling up the DagBag from /opt/airflow/dags/weather_dag.py
[2026-02-19T12:18:56.386+0000] {processor.py:839} INFO - DAG(s) dict_keys(['weather_etl_v1']) retrieved from /opt/airflow/dags/weather_dag.py
[2026-02-19T12:18:56.414+0000] {logging_mixin.py:154} INFO - [2026-02-19T12:18:56.413+0000] {dag.py:2941} INFO - Sync 1 DAGs
[2026-02-19T12:18:56.444+0000] {logging_mixin.py:154} INFO - [2026-02-19T12:18:56.443+0000] {dag.py:3722} INFO - Setting next_dagrun for weather_etl_v1 to 2026-02-19T11:00:00+00:00, run_after=2026-02-19T12:00:00+00:00
[2026-02-19T12:18:56.476+0000] {processor.py:179} INFO - Processing /opt/airflow/dags/weather_dag.py took 0.656 seconds
[2026-02-19T12:19:26.666+0000] {processor.py:157} INFO - Started process (PID=553) to work on /opt/airflow/dags/weather_dag.py
[2026-02-19T12:19:26.668+0000] {processor.py:829} INFO - Processing file /opt/airflow/dags/weather_dag.py for tasks to queue
[2026-02-19T12:19:26.669+0000] {logging_mixin.py:154} INFO - [2026-02-19T12:19:26.669+0000] {dagbag.py:536} INFO - Filling up the DagBag from /opt/airflow/dags/weather_dag.py
[2026-02-19T12:19:27.291+0000] {processor.py:839} INFO - DAG(s) dict_keys(['weather_etl_v1']) retrieved from /opt/airflow/dags/weather_dag.py
[2026-02-19T12:19:27.321+0000] {logging_mixin.py:154} INFO - [2026-02-19T12:19:27.321+0000] {dag.py:2941} INFO - Sync 1 DAGs
[2026-02-19T12:19:27.350+0000] {logging_mixin.py:154} INFO - [2026-02-19T12:19:27.350+0000] {dag.py:3722} INFO - Setting next_dagrun for weather_etl_v1 to 2026-02-19T11:00:00+00:00, run_after=2026-02-19T12:00:00+00:00
[2026-02-19T12:19:27.379+0000] {processor.py:179} INFO - Processing /opt/airflow/dags/weather_dag.py took 0.718 seconds
[2026-02-19T12:19:57.729+0000] {processor.py:157} INFO - Started process (PID=559) to work on /opt/airflow/dags/weather_dag.py
[2026-02-19T12:19:57.731+0000] {processor.py:829} INFO - Processing file /opt/airflow/dags/weather_dag.py for tasks to queue
[2026-02-19T12:19:57.733+0000] {logging_mixin.py:154} INFO - [2026-02-19T12:19:57.732+0000] {dagbag.py:536} INFO - Filling up the DagBag from /opt/airflow/dags/weather_dag.py
[2026-02-19T12:19:58.314+0000] {processor.py:839} INFO - DAG(s) dict_keys(['weather_etl_v1']) retrieved from /opt/airflow/dags/weather_dag.py
[2026-02-19T12:19:58.348+0000] {logging_mixin.py:154} INFO - [2026-02-19T12:19:58.347+0000] {dag.py:2941} INFO - Sync 1 DAGs
[2026-02-19T12:19:58.377+0000] {logging_mixin.py:154} INFO - [2026-02-19T12:19:58.377+0000] {dag.py:3722} INFO - Setting next_dagrun for weather_etl_v1 to 2026-02-19T11:00:00+00:00, run_after=2026-02-19T12:00:00+00:00
[2026-02-19T12:19:58.405+0000] {processor.py:179} INFO - Processing /opt/airflow/dags/weather_dag.py took 0.681 seconds
[2026-02-19T12:20:28.625+0000] {processor.py:157} INFO - Started process (PID=565) to work on /opt/airflow/dags/weather_dag.py
[2026-02-19T12:20:28.627+0000] {processor.py:829} INFO - Processing file /opt/airflow/dags/weather_dag.py for tasks to queue
[2026-02-19T12:20:28.629+0000] {logging_mixin.py:154} INFO - [2026-02-19T12:20:28.629+0000] {dagbag.py:536} INFO - Filling up the DagBag from /opt/airflow/dags/weather_dag.py
[2026-02-19T12:20:29.218+0000] {processor.py:839} INFO - DAG(s) dict_keys(['weather_etl_v1']) retrieved from /opt/airflow/dags/weather_dag.py
[2026-02-19T12:20:29.251+0000] {logging_mixin.py:154} INFO - [2026-02-19T12:20:29.251+0000] {dag.py:2941} INFO - Sync 1 DAGs
[2026-02-19T12:20:29.280+0000] {logging_mixin.py:154} INFO - [2026-02-19T12:20:29.280+0000] {dag.py:3722} INFO - Setting next_dagrun for weather_etl_v1 to 2026-02-19T11:00:00+00:00, run_after=2026-02-19T12:00:00+00:00
[2026-02-19T12:20:29.318+0000] {processor.py:179} INFO - Processing /opt/airflow/dags/weather_dag.py took 0.697 seconds
[2026-02-19T12:20:59.732+0000] {processor.py:157} INFO - Started process (PID=571) to work on /opt/airflow/dags/weather_dag.py
[2026-02-19T12:20:59.735+0000] {processor.py:829} INFO - Processing file /opt/airflow/dags/weather_dag.py for tasks to queue
[2026-02-19T12:20:59.736+0000] {logging_mixin.py:154} INFO - [2026-02-19T12:20:59.736+0000] {dagbag.py:536} INFO - Filling up the DagBag from /opt/airflow/dags/weather_dag.py
[2026-02-19T12:21:00.365+0000] {processor.py:839} INFO - DAG(s) dict_keys(['weather_etl_v1']) retrieved from /opt/airflow/dags/weather_dag.py
[2026-02-19T12:21:00.392+0000] {logging_mixin.py:154} INFO - [2026-02-19T12:21:00.391+0000] {dag.py:2941} INFO - Sync 1 DAGs
[2026-02-19T12:21:00.420+0000] {logging_mixin.py:154} INFO - [2026-02-19T12:21:00.420+0000] {dag.py:3722} INFO - Setting next_dagrun for weather_etl_v1 to 2026-02-19T11:00:00+00:00, run_after=2026-02-19T12:00:00+00:00
[2026-02-19T12:21:00.453+0000] {processor.py:179} INFO - Processing /opt/airflow/dags/weather_dag.py took 0.726 seconds
[2026-02-19T12:21:30.708+0000] {processor.py:157} INFO - Started process (PID=577) to work on /opt/airflow/dags/weather_dag.py
[2026-02-19T12:21:30.716+0000] {processor.py:829} INFO - Processing file /opt/airflow/dags/weather_dag.py for tasks to queue
[2026-02-19T12:21:30.720+0000] {logging_mixin.py:154} INFO - [2026-02-19T12:21:30.719+0000] {dagbag.py:536} INFO - Filling up the DagBag from /opt/airflow/dags/weather_dag.py
[2026-02-19T12:21:31.448+0000] {processor.py:839} INFO - DAG(s) dict_keys(['weather_etl_v1']) retrieved from /opt/airflow/dags/weather_dag.py
[2026-02-19T12:21:31.478+0000] {logging_mixin.py:154} INFO - [2026-02-19T12:21:31.478+0000] {dag.py:2941} INFO - Sync 1 DAGs
[2026-02-19T12:21:31.513+0000] {logging_mixin.py:154} INFO - [2026-02-19T12:21:31.513+0000] {dag.py:3722} INFO - Setting next_dagrun for weather_etl_v1 to 2026-02-19T11:00:00+00:00, run_after=2026-02-19T12:00:00+00:00
[2026-02-19T12:21:31.547+0000] {processor.py:179} INFO - Processing /opt/airflow/dags/weather_dag.py took 0.844 seconds
[2026-02-19T12:22:01.846+0000] {processor.py:157} INFO - Started process (PID=583) to work on /opt/airflow/dags/weather_dag.py
[2026-02-19T12:22:01.848+0000] {processor.py:829} INFO - Processing file /opt/airflow/dags/weather_dag.py for tasks to queue
[2026-02-19T12:22:01.850+0000] {logging_mixin.py:154} INFO - [2026-02-19T12:22:01.849+0000] {dagbag.py:536} INFO - Filling up the DagBag from /opt/airflow/dags/weather_dag.py
[2026-02-19T12:22:02.661+0000] {processor.py:839} INFO - DAG(s) dict_keys(['weather_etl_v1']) retrieved from /opt/airflow/dags/weather_dag.py
[2026-02-19T12:22:02.703+0000] {logging_mixin.py:154} INFO - [2026-02-19T12:22:02.702+0000] {dag.py:2941} INFO - Sync 1 DAGs
[2026-02-19T12:22:02.823+0000] {logging_mixin.py:154} INFO - [2026-02-19T12:22:02.823+0000] {dag.py:3722} INFO - Setting next_dagrun for weather_etl_v1 to 2026-02-19T11:00:00+00:00, run_after=2026-02-19T12:00:00+00:00
[2026-02-19T12:22:02.882+0000] {processor.py:179} INFO - Processing /opt/airflow/dags/weather_dag.py took 1.040 seconds
[2026-02-19T12:22:33.499+0000] {processor.py:157} INFO - Started process (PID=589) to work on /opt/airflow/dags/weather_dag.py
[2026-02-19T12:22:33.502+0000] {processor.py:829} INFO - Processing file /opt/airflow/dags/weather_dag.py for tasks to queue
[2026-02-19T12:22:33.504+0000] {logging_mixin.py:154} INFO - [2026-02-19T12:22:33.504+0000] {dagbag.py:536} INFO - Filling up the DagBag from /opt/airflow/dags/weather_dag.py
[2026-02-19T12:22:34.122+0000] {processor.py:839} INFO - DAG(s) dict_keys(['weather_etl_v1']) retrieved from /opt/airflow/dags/weather_dag.py
[2026-02-19T12:22:34.153+0000] {logging_mixin.py:154} INFO - [2026-02-19T12:22:34.152+0000] {dag.py:2941} INFO - Sync 1 DAGs
[2026-02-19T12:22:34.183+0000] {logging_mixin.py:154} INFO - [2026-02-19T12:22:34.182+0000] {dag.py:3722} INFO - Setting next_dagrun for weather_etl_v1 to 2026-02-19T11:00:00+00:00, run_after=2026-02-19T12:00:00+00:00
[2026-02-19T12:22:34.214+0000] {processor.py:179} INFO - Processing /opt/airflow/dags/weather_dag.py took 0.721 seconds
[2026-02-19T12:23:04.991+0000] {processor.py:157} INFO - Started process (PID=595) to work on /opt/airflow/dags/weather_dag.py
[2026-02-19T12:23:04.995+0000] {processor.py:829} INFO - Processing file /opt/airflow/dags/weather_dag.py for tasks to queue
[2026-02-19T12:23:05.004+0000] {logging_mixin.py:154} INFO - [2026-02-19T12:23:05.003+0000] {dagbag.py:536} INFO - Filling up the DagBag from /opt/airflow/dags/weather_dag.py
[2026-02-19T12:23:05.922+0000] {processor.py:839} INFO - DAG(s) dict_keys(['weather_etl_v1']) retrieved from /opt/airflow/dags/weather_dag.py
[2026-02-19T12:23:05.951+0000] {logging_mixin.py:154} INFO - [2026-02-19T12:23:05.950+0000] {dag.py:2941} INFO - Sync 1 DAGs
[2026-02-19T12:23:05.981+0000] {logging_mixin.py:154} INFO - [2026-02-19T12:23:05.981+0000] {dag.py:3722} INFO - Setting next_dagrun for weather_etl_v1 to 2026-02-19T11:00:00+00:00, run_after=2026-02-19T12:00:00+00:00
[2026-02-19T12:23:06.012+0000] {processor.py:179} INFO - Processing /opt/airflow/dags/weather_dag.py took 1.027 seconds
[2026-02-19T12:23:36.657+0000] {processor.py:157} INFO - Started process (PID=601) to work on /opt/airflow/dags/weather_dag.py
[2026-02-19T12:23:36.659+0000] {processor.py:829} INFO - Processing file /opt/airflow/dags/weather_dag.py for tasks to queue
[2026-02-19T12:23:36.660+0000] {logging_mixin.py:154} INFO - [2026-02-19T12:23:36.660+0000] {dagbag.py:536} INFO - Filling up the DagBag from /opt/airflow/dags/weather_dag.py
[2026-02-19T12:23:37.321+0000] {processor.py:839} INFO - DAG(s) dict_keys(['weather_etl_v1']) retrieved from /opt/airflow/dags/weather_dag.py
[2026-02-19T12:23:37.354+0000] {logging_mixin.py:154} INFO - [2026-02-19T12:23:37.353+0000] {dag.py:2941} INFO - Sync 1 DAGs
[2026-02-19T12:23:37.389+0000] {logging_mixin.py:154} INFO - [2026-02-19T12:23:37.388+0000] {dag.py:3722} INFO - Setting next_dagrun for weather_etl_v1 to 2026-02-19T11:00:00+00:00, run_after=2026-02-19T12:00:00+00:00
[2026-02-19T12:23:37.421+0000] {processor.py:179} INFO - Processing /opt/airflow/dags/weather_dag.py took 0.768 seconds
[2026-02-19T12:24:08.127+0000] {processor.py:157} INFO - Started process (PID=607) to work on /opt/airflow/dags/weather_dag.py
[2026-02-19T12:24:08.130+0000] {processor.py:829} INFO - Processing file /opt/airflow/dags/weather_dag.py for tasks to queue
[2026-02-19T12:24:08.133+0000] {logging_mixin.py:154} INFO - [2026-02-19T12:24:08.133+0000] {dagbag.py:536} INFO - Filling up the DagBag from /opt/airflow/dags/weather_dag.py
[2026-02-19T12:24:08.874+0000] {processor.py:839} INFO - DAG(s) dict_keys(['weather_etl_v1']) retrieved from /opt/airflow/dags/weather_dag.py
[2026-02-19T12:24:08.923+0000] {logging_mixin.py:154} INFO - [2026-02-19T12:24:08.922+0000] {dag.py:2941} INFO - Sync 1 DAGs
[2026-02-19T12:24:08.964+0000] {logging_mixin.py:154} INFO - [2026-02-19T12:24:08.964+0000] {dag.py:3722} INFO - Setting next_dagrun for weather_etl_v1 to 2026-02-19T11:00:00+00:00, run_after=2026-02-19T12:00:00+00:00
[2026-02-19T12:24:09.001+0000] {processor.py:179} INFO - Processing /opt/airflow/dags/weather_dag.py took 0.881 seconds
[2026-02-19T12:24:39.702+0000] {processor.py:157} INFO - Started process (PID=613) to work on /opt/airflow/dags/weather_dag.py
[2026-02-19T12:24:39.704+0000] {processor.py:829} INFO - Processing file /opt/airflow/dags/weather_dag.py for tasks to queue
[2026-02-19T12:24:39.705+0000] {logging_mixin.py:154} INFO - [2026-02-19T12:24:39.705+0000] {dagbag.py:536} INFO - Filling up the DagBag from /opt/airflow/dags/weather_dag.py
[2026-02-19T12:24:40.356+0000] {processor.py:839} INFO - DAG(s) dict_keys(['weather_etl_v1']) retrieved from /opt/airflow/dags/weather_dag.py
[2026-02-19T12:24:40.386+0000] {logging_mixin.py:154} INFO - [2026-02-19T12:24:40.386+0000] {dag.py:2941} INFO - Sync 1 DAGs
[2026-02-19T12:24:40.415+0000] {logging_mixin.py:154} INFO - [2026-02-19T12:24:40.415+0000] {dag.py:3722} INFO - Setting next_dagrun for weather_etl_v1 to 2026-02-19T11:00:00+00:00, run_after=2026-02-19T12:00:00+00:00
[2026-02-19T12:24:40.440+0000] {processor.py:179} INFO - Processing /opt/airflow/dags/weather_dag.py took 0.745 seconds
[2026-02-19T12:25:11.147+0000] {processor.py:157} INFO - Started process (PID=619) to work on /opt/airflow/dags/weather_dag.py
[2026-02-19T12:25:11.149+0000] {processor.py:829} INFO - Processing file /opt/airflow/dags/weather_dag.py for tasks to queue
[2026-02-19T12:25:11.152+0000] {logging_mixin.py:154} INFO - [2026-02-19T12:25:11.151+0000] {dagbag.py:536} INFO - Filling up the DagBag from /opt/airflow/dags/weather_dag.py
[2026-02-19T12:25:11.989+0000] {processor.py:839} INFO - DAG(s) dict_keys(['weather_etl_v1']) retrieved from /opt/airflow/dags/weather_dag.py
[2026-02-19T12:25:12.030+0000] {logging_mixin.py:154} INFO - [2026-02-19T12:25:12.029+0000] {dag.py:2941} INFO - Sync 1 DAGs
[2026-02-19T12:25:12.072+0000] {logging_mixin.py:154} INFO - [2026-02-19T12:25:12.071+0000] {dag.py:3722} INFO - Setting next_dagrun for weather_etl_v1 to 2026-02-19T11:00:00+00:00, run_after=2026-02-19T12:00:00+00:00
[2026-02-19T12:25:12.119+0000] {processor.py:179} INFO - Processing /opt/airflow/dags/weather_dag.py took 0.977 seconds
[2026-02-19T12:25:42.830+0000] {processor.py:157} INFO - Started process (PID=625) to work on /opt/airflow/dags/weather_dag.py
[2026-02-19T12:25:42.832+0000] {processor.py:829} INFO - Processing file /opt/airflow/dags/weather_dag.py for tasks to queue
[2026-02-19T12:25:42.839+0000] {logging_mixin.py:154} INFO - [2026-02-19T12:25:42.837+0000] {dagbag.py:536} INFO - Filling up the DagBag from /opt/airflow/dags/weather_dag.py
[2026-02-19T12:25:43.835+0000] {processor.py:839} INFO - DAG(s) dict_keys(['weather_etl_v1']) retrieved from /opt/airflow/dags/weather_dag.py
[2026-02-19T12:25:43.879+0000] {logging_mixin.py:154} INFO - [2026-02-19T12:25:43.878+0000] {dag.py:2941} INFO - Sync 1 DAGs
[2026-02-19T12:25:43.964+0000] {logging_mixin.py:154} INFO - [2026-02-19T12:25:43.964+0000] {dag.py:3722} INFO - Setting next_dagrun for weather_etl_v1 to 2026-02-19T11:00:00+00:00, run_after=2026-02-19T12:00:00+00:00
[2026-02-19T12:25:44.026+0000] {processor.py:179} INFO - Processing /opt/airflow/dags/weather_dag.py took 1.201 seconds
[2026-02-19T12:26:16.444+0000] {processor.py:157} INFO - Started process (PID=631) to work on /opt/airflow/dags/weather_dag.py
[2026-02-19T12:26:16.447+0000] {processor.py:829} INFO - Processing file /opt/airflow/dags/weather_dag.py for tasks to queue
[2026-02-19T12:26:16.449+0000] {logging_mixin.py:154} INFO - [2026-02-19T12:26:16.449+0000] {dagbag.py:536} INFO - Filling up the DagBag from /opt/airflow/dags/weather_dag.py
[2026-02-19T12:26:17.222+0000] {processor.py:839} INFO - DAG(s) dict_keys(['weather_etl_v1']) retrieved from /opt/airflow/dags/weather_dag.py
[2026-02-19T12:26:17.264+0000] {logging_mixin.py:154} INFO - [2026-02-19T12:26:17.263+0000] {dag.py:2941} INFO - Sync 1 DAGs
[2026-02-19T12:26:17.295+0000] {logging_mixin.py:154} INFO - [2026-02-19T12:26:17.295+0000] {dag.py:3722} INFO - Setting next_dagrun for weather_etl_v1 to 2026-02-19T11:00:00+00:00, run_after=2026-02-19T12:00:00+00:00
[2026-02-19T12:26:17.327+0000] {processor.py:179} INFO - Processing /opt/airflow/dags/weather_dag.py took 0.887 seconds
[2026-02-19T12:26:49.339+0000] {processor.py:157} INFO - Started process (PID=637) to work on /opt/airflow/dags/weather_dag.py
[2026-02-19T12:26:49.341+0000] {processor.py:829} INFO - Processing file /opt/airflow/dags/weather_dag.py for tasks to queue
[2026-02-19T12:26:49.342+0000] {logging_mixin.py:154} INFO - [2026-02-19T12:26:49.342+0000] {dagbag.py:536} INFO - Filling up the DagBag from /opt/airflow/dags/weather_dag.py
[2026-02-19T12:26:50.209+0000] {processor.py:839} INFO - DAG(s) dict_keys(['weather_etl_v1']) retrieved from /opt/airflow/dags/weather_dag.py
[2026-02-19T12:26:50.240+0000] {logging_mixin.py:154} INFO - [2026-02-19T12:26:50.240+0000] {dag.py:2941} INFO - Sync 1 DAGs
[2026-02-19T12:26:50.275+0000] {logging_mixin.py:154} INFO - [2026-02-19T12:26:50.275+0000] {dag.py:3722} INFO - Setting next_dagrun for weather_etl_v1 to 2026-02-19T11:00:00+00:00, run_after=2026-02-19T12:00:00+00:00
[2026-02-19T12:26:50.309+0000] {processor.py:179} INFO - Processing /opt/airflow/dags/weather_dag.py took 0.977 seconds
[2026-02-19T12:27:22.978+0000] {processor.py:157} INFO - Started process (PID=643) to work on /opt/airflow/dags/weather_dag.py
[2026-02-19T12:27:22.981+0000] {processor.py:829} INFO - Processing file /opt/airflow/dags/weather_dag.py for tasks to queue
[2026-02-19T12:27:22.983+0000] {logging_mixin.py:154} INFO - [2026-02-19T12:27:22.983+0000] {dagbag.py:536} INFO - Filling up the DagBag from /opt/airflow/dags/weather_dag.py
[2026-02-19T12:27:23.795+0000] {processor.py:839} INFO - DAG(s) dict_keys(['weather_etl_v1']) retrieved from /opt/airflow/dags/weather_dag.py
[2026-02-19T12:27:23.845+0000] {logging_mixin.py:154} INFO - [2026-02-19T12:27:23.844+0000] {dag.py:2941} INFO - Sync 1 DAGs
[2026-02-19T12:27:23.885+0000] {logging_mixin.py:154} INFO - [2026-02-19T12:27:23.884+0000] {dag.py:3722} INFO - Setting next_dagrun for weather_etl_v1 to 2026-02-19T11:00:00+00:00, run_after=2026-02-19T12:00:00+00:00
[2026-02-19T12:27:23.920+0000] {processor.py:179} INFO - Processing /opt/airflow/dags/weather_dag.py took 0.946 seconds
[2026-02-19T12:27:56.670+0000] {processor.py:157} INFO - Started process (PID=649) to work on /opt/airflow/dags/weather_dag.py
[2026-02-19T12:27:56.672+0000] {processor.py:829} INFO - Processing file /opt/airflow/dags/weather_dag.py for tasks to queue
[2026-02-19T12:27:56.676+0000] {logging_mixin.py:154} INFO - [2026-02-19T12:27:56.675+0000] {dagbag.py:536} INFO - Filling up the DagBag from /opt/airflow/dags/weather_dag.py
[2026-02-19T12:27:57.490+0000] {processor.py:839} INFO - DAG(s) dict_keys(['weather_etl_v1']) retrieved from /opt/airflow/dags/weather_dag.py
[2026-02-19T12:27:57.539+0000] {logging_mixin.py:154} INFO - [2026-02-19T12:27:57.538+0000] {dag.py:2941} INFO - Sync 1 DAGs
[2026-02-19T12:27:57.581+0000] {logging_mixin.py:154} INFO - [2026-02-19T12:27:57.581+0000] {dag.py:3722} INFO - Setting next_dagrun for weather_etl_v1 to 2026-02-19T11:00:00+00:00, run_after=2026-02-19T12:00:00+00:00
[2026-02-19T12:27:57.618+0000] {processor.py:179} INFO - Processing /opt/airflow/dags/weather_dag.py took 0.954 seconds
[2026-02-19T12:28:29.298+0000] {processor.py:157} INFO - Started process (PID=655) to work on /opt/airflow/dags/weather_dag.py
[2026-02-19T12:28:29.300+0000] {processor.py:829} INFO - Processing file /opt/airflow/dags/weather_dag.py for tasks to queue
[2026-02-19T12:28:29.303+0000] {logging_mixin.py:154} INFO - [2026-02-19T12:28:29.301+0000] {dagbag.py:536} INFO - Filling up the DagBag from /opt/airflow/dags/weather_dag.py
[2026-02-19T12:28:30.116+0000] {processor.py:839} INFO - DAG(s) dict_keys(['weather_etl_v1']) retrieved from /opt/airflow/dags/weather_dag.py
[2026-02-19T12:28:30.163+0000] {logging_mixin.py:154} INFO - [2026-02-19T12:28:30.162+0000] {dag.py:2941} INFO - Sync 1 DAGs
[2026-02-19T12:28:30.207+0000] {logging_mixin.py:154} INFO - [2026-02-19T12:28:30.207+0000] {dag.py:3722} INFO - Setting next_dagrun for weather_etl_v1 to 2026-02-19T11:00:00+00:00, run_after=2026-02-19T12:00:00+00:00
[2026-02-19T12:28:30.240+0000] {processor.py:179} INFO - Processing /opt/airflow/dags/weather_dag.py took 0.947 seconds
[2026-02-19T12:29:02.464+0000] {processor.py:157} INFO - Started process (PID=661) to work on /opt/airflow/dags/weather_dag.py
[2026-02-19T12:29:02.491+0000] {processor.py:829} INFO - Processing file /opt/airflow/dags/weather_dag.py for tasks to queue
[2026-02-19T12:29:02.517+0000] {logging_mixin.py:154} INFO - [2026-02-19T12:29:02.516+0000] {dagbag.py:536} INFO - Filling up the DagBag from /opt/airflow/dags/weather_dag.py
[2026-02-19T12:29:05.448+0000] {processor.py:839} INFO - DAG(s) dict_keys(['weather_etl_v1']) retrieved from /opt/airflow/dags/weather_dag.py
[2026-02-19T12:29:05.513+0000] {logging_mixin.py:154} INFO - [2026-02-19T12:29:05.512+0000] {dag.py:2941} INFO - Sync 1 DAGs
[2026-02-19T12:29:05.580+0000] {logging_mixin.py:154} INFO - [2026-02-19T12:29:05.580+0000] {dag.py:3722} INFO - Setting next_dagrun for weather_etl_v1 to 2026-02-19T11:00:00+00:00, run_after=2026-02-19T12:00:00+00:00
[2026-02-19T12:29:05.771+0000] {processor.py:179} INFO - Processing /opt/airflow/dags/weather_dag.py took 3.312 seconds
[2026-02-19T12:29:35.986+0000] {processor.py:157} INFO - Started process (PID=667) to work on /opt/airflow/dags/weather_dag.py
[2026-02-19T12:29:35.988+0000] {processor.py:829} INFO - Processing file /opt/airflow/dags/weather_dag.py for tasks to queue
[2026-02-19T12:29:35.991+0000] {logging_mixin.py:154} INFO - [2026-02-19T12:29:35.990+0000] {dagbag.py:536} INFO - Filling up the DagBag from /opt/airflow/dags/weather_dag.py
[2026-02-19T12:29:36.879+0000] {processor.py:839} INFO - DAG(s) dict_keys(['weather_etl_v1']) retrieved from /opt/airflow/dags/weather_dag.py
[2026-02-19T12:29:36.919+0000] {logging_mixin.py:154} INFO - [2026-02-19T12:29:36.918+0000] {dag.py:2941} INFO - Sync 1 DAGs
[2026-02-19T12:29:36.956+0000] {logging_mixin.py:154} INFO - [2026-02-19T12:29:36.956+0000] {dag.py:3722} INFO - Setting next_dagrun for weather_etl_v1 to 2026-02-19T11:00:00+00:00, run_after=2026-02-19T12:00:00+00:00
[2026-02-19T12:29:36.991+0000] {processor.py:179} INFO - Processing /opt/airflow/dags/weather_dag.py took 1.011 seconds
[2026-02-19T12:30:09.826+0000] {processor.py:157} INFO - Started process (PID=673) to work on /opt/airflow/dags/weather_dag.py
[2026-02-19T12:30:09.828+0000] {processor.py:829} INFO - Processing file /opt/airflow/dags/weather_dag.py for tasks to queue
[2026-02-19T12:30:09.830+0000] {logging_mixin.py:154} INFO - [2026-02-19T12:30:09.829+0000] {dagbag.py:536} INFO - Filling up the DagBag from /opt/airflow/dags/weather_dag.py
[2026-02-19T12:30:10.491+0000] {processor.py:839} INFO - DAG(s) dict_keys(['weather_etl_v1']) retrieved from /opt/airflow/dags/weather_dag.py
[2026-02-19T12:30:10.522+0000] {logging_mixin.py:154} INFO - [2026-02-19T12:30:10.521+0000] {dag.py:2941} INFO - Sync 1 DAGs
[2026-02-19T12:30:10.557+0000] {logging_mixin.py:154} INFO - [2026-02-19T12:30:10.557+0000] {dag.py:3722} INFO - Setting next_dagrun for weather_etl_v1 to 2026-02-19T11:00:00+00:00, run_after=2026-02-19T12:00:00+00:00
[2026-02-19T12:30:10.586+0000] {processor.py:179} INFO - Processing /opt/airflow/dags/weather_dag.py took 0.765 seconds
[2026-02-19T12:30:43.293+0000] {processor.py:157} INFO - Started process (PID=679) to work on /opt/airflow/dags/weather_dag.py
[2026-02-19T12:30:43.297+0000] {processor.py:829} INFO - Processing file /opt/airflow/dags/weather_dag.py for tasks to queue
[2026-02-19T12:30:43.299+0000] {logging_mixin.py:154} INFO - [2026-02-19T12:30:43.298+0000] {dagbag.py:536} INFO - Filling up the DagBag from /opt/airflow/dags/weather_dag.py
[2026-02-19T12:30:44.067+0000] {processor.py:839} INFO - DAG(s) dict_keys(['weather_etl_v1']) retrieved from /opt/airflow/dags/weather_dag.py
[2026-02-19T12:30:44.109+0000] {logging_mixin.py:154} INFO - [2026-02-19T12:30:44.108+0000] {dag.py:2941} INFO - Sync 1 DAGs
[2026-02-19T12:30:44.169+0000] {logging_mixin.py:154} INFO - [2026-02-19T12:30:44.168+0000] {dag.py:3722} INFO - Setting next_dagrun for weather_etl_v1 to 2026-02-19T11:00:00+00:00, run_after=2026-02-19T12:00:00+00:00
[2026-02-19T12:30:44.231+0000] {processor.py:179} INFO - Processing /opt/airflow/dags/weather_dag.py took 0.942 seconds
[2026-02-19T12:31:15.948+0000] {processor.py:157} INFO - Started process (PID=685) to work on /opt/airflow/dags/weather_dag.py
[2026-02-19T12:31:15.950+0000] {processor.py:829} INFO - Processing file /opt/airflow/dags/weather_dag.py for tasks to queue
[2026-02-19T12:31:15.951+0000] {logging_mixin.py:154} INFO - [2026-02-19T12:31:15.951+0000] {dagbag.py:536} INFO - Filling up the DagBag from /opt/airflow/dags/weather_dag.py
[2026-02-19T12:31:16.701+0000] {processor.py:839} INFO - DAG(s) dict_keys(['weather_etl_v1']) retrieved from /opt/airflow/dags/weather_dag.py
[2026-02-19T12:31:16.756+0000] {logging_mixin.py:154} INFO - [2026-02-19T12:31:16.756+0000] {dag.py:2941} INFO - Sync 1 DAGs
[2026-02-19T12:31:16.801+0000] {logging_mixin.py:154} INFO - [2026-02-19T12:31:16.801+0000] {dag.py:3722} INFO - Setting next_dagrun for weather_etl_v1 to 2026-02-19T11:00:00+00:00, run_after=2026-02-19T12:00:00+00:00
[2026-02-19T12:31:16.848+0000] {processor.py:179} INFO - Processing /opt/airflow/dags/weather_dag.py took 0.904 seconds
[2026-02-19T12:31:49.605+0000] {processor.py:157} INFO - Started process (PID=691) to work on /opt/airflow/dags/weather_dag.py
[2026-02-19T12:31:49.607+0000] {processor.py:829} INFO - Processing file /opt/airflow/dags/weather_dag.py for tasks to queue
[2026-02-19T12:31:49.609+0000] {logging_mixin.py:154} INFO - [2026-02-19T12:31:49.608+0000] {dagbag.py:536} INFO - Filling up the DagBag from /opt/airflow/dags/weather_dag.py
[2026-02-19T12:31:50.358+0000] {processor.py:839} INFO - DAG(s) dict_keys(['weather_etl_v1']) retrieved from /opt/airflow/dags/weather_dag.py
[2026-02-19T12:31:50.390+0000] {logging_mixin.py:154} INFO - [2026-02-19T12:31:50.389+0000] {dag.py:2941} INFO - Sync 1 DAGs
[2026-02-19T12:31:50.418+0000] {logging_mixin.py:154} INFO - [2026-02-19T12:31:50.418+0000] {dag.py:3722} INFO - Setting next_dagrun for weather_etl_v1 to 2026-02-19T11:00:00+00:00, run_after=2026-02-19T12:00:00+00:00
[2026-02-19T12:31:50.453+0000] {processor.py:179} INFO - Processing /opt/airflow/dags/weather_dag.py took 0.853 seconds
[2026-02-19T12:32:23.156+0000] {processor.py:157} INFO - Started process (PID=697) to work on /opt/airflow/dags/weather_dag.py
[2026-02-19T12:32:23.158+0000] {processor.py:829} INFO - Processing file /opt/airflow/dags/weather_dag.py for tasks to queue
[2026-02-19T12:32:23.161+0000] {logging_mixin.py:154} INFO - [2026-02-19T12:32:23.161+0000] {dagbag.py:536} INFO - Filling up the DagBag from /opt/airflow/dags/weather_dag.py
[2026-02-19T12:32:23.801+0000] {processor.py:839} INFO - DAG(s) dict_keys(['weather_etl_v1']) retrieved from /opt/airflow/dags/weather_dag.py
[2026-02-19T12:32:23.841+0000] {logging_mixin.py:154} INFO - [2026-02-19T12:32:23.840+0000] {dag.py:2941} INFO - Sync 1 DAGs
[2026-02-19T12:32:23.875+0000] {logging_mixin.py:154} INFO - [2026-02-19T12:32:23.874+0000] {dag.py:3722} INFO - Setting next_dagrun for weather_etl_v1 to 2026-02-19T11:00:00+00:00, run_after=2026-02-19T12:00:00+00:00
[2026-02-19T12:32:23.912+0000] {processor.py:179} INFO - Processing /opt/airflow/dags/weather_dag.py took 0.761 seconds
[2026-02-19T12:32:56.617+0000] {processor.py:157} INFO - Started process (PID=703) to work on /opt/airflow/dags/weather_dag.py
[2026-02-19T12:32:56.620+0000] {processor.py:829} INFO - Processing file /opt/airflow/dags/weather_dag.py for tasks to queue
[2026-02-19T12:32:56.622+0000] {logging_mixin.py:154} INFO - [2026-02-19T12:32:56.622+0000] {dagbag.py:536} INFO - Filling up the DagBag from /opt/airflow/dags/weather_dag.py
[2026-02-19T12:32:57.344+0000] {processor.py:839} INFO - DAG(s) dict_keys(['weather_etl_v1']) retrieved from /opt/airflow/dags/weather_dag.py
[2026-02-19T12:32:57.375+0000] {logging_mixin.py:154} INFO - [2026-02-19T12:32:57.374+0000] {dag.py:2941} INFO - Sync 1 DAGs
[2026-02-19T12:32:57.414+0000] {logging_mixin.py:154} INFO - [2026-02-19T12:32:57.413+0000] {dag.py:3722} INFO - Setting next_dagrun for weather_etl_v1 to 2026-02-19T11:00:00+00:00, run_after=2026-02-19T12:00:00+00:00
[2026-02-19T12:32:57.444+0000] {processor.py:179} INFO - Processing /opt/airflow/dags/weather_dag.py took 0.832 seconds
[2026-02-19T12:33:29.714+0000] {processor.py:157} INFO - Started process (PID=709) to work on /opt/airflow/dags/weather_dag.py
[2026-02-19T12:33:29.716+0000] {processor.py:829} INFO - Processing file /opt/airflow/dags/weather_dag.py for tasks to queue
[2026-02-19T12:33:29.717+0000] {logging_mixin.py:154} INFO - [2026-02-19T12:33:29.717+0000] {dagbag.py:536} INFO - Filling up the DagBag from /opt/airflow/dags/weather_dag.py
[2026-02-19T12:33:30.367+0000] {processor.py:839} INFO - DAG(s) dict_keys(['weather_etl_v1']) retrieved from /opt/airflow/dags/weather_dag.py
[2026-02-19T12:33:30.399+0000] {logging_mixin.py:154} INFO - [2026-02-19T12:33:30.398+0000] {dag.py:2941} INFO - Sync 1 DAGs
[2026-02-19T12:33:30.435+0000] {logging_mixin.py:154} INFO - [2026-02-19T12:33:30.435+0000] {dag.py:3722} INFO - Setting next_dagrun for weather_etl_v1 to 2026-02-19T11:00:00+00:00, run_after=2026-02-19T12:00:00+00:00
[2026-02-19T12:33:30.471+0000] {processor.py:179} INFO - Processing /opt/airflow/dags/weather_dag.py took 0.760 seconds
[2026-02-19T12:34:03.246+0000] {processor.py:157} INFO - Started process (PID=715) to work on /opt/airflow/dags/weather_dag.py
[2026-02-19T12:34:03.247+0000] {processor.py:829} INFO - Processing file /opt/airflow/dags/weather_dag.py for tasks to queue
[2026-02-19T12:34:03.249+0000] {logging_mixin.py:154} INFO - [2026-02-19T12:34:03.248+0000] {dagbag.py:536} INFO - Filling up the DagBag from /opt/airflow/dags/weather_dag.py
[2026-02-19T12:34:03.892+0000] {processor.py:839} INFO - DAG(s) dict_keys(['weather_etl_v1']) retrieved from /opt/airflow/dags/weather_dag.py
[2026-02-19T12:34:03.928+0000] {logging_mixin.py:154} INFO - [2026-02-19T12:34:03.927+0000] {dag.py:2941} INFO - Sync 1 DAGs
[2026-02-19T12:34:03.964+0000] {logging_mixin.py:154} INFO - [2026-02-19T12:34:03.964+0000] {dag.py:3722} INFO - Setting next_dagrun for weather_etl_v1 to 2026-02-19T11:00:00+00:00, run_after=2026-02-19T12:00:00+00:00
[2026-02-19T12:34:04.001+0000] {processor.py:179} INFO - Processing /opt/airflow/dags/weather_dag.py took 0.761 seconds
[2026-02-19T12:34:35.875+0000] {processor.py:157} INFO - Started process (PID=721) to work on /opt/airflow/dags/weather_dag.py
[2026-02-19T12:34:35.877+0000] {processor.py:829} INFO - Processing file /opt/airflow/dags/weather_dag.py for tasks to queue
[2026-02-19T12:34:35.879+0000] {logging_mixin.py:154} INFO - [2026-02-19T12:34:35.879+0000] {dagbag.py:536} INFO - Filling up the DagBag from /opt/airflow/dags/weather_dag.py
[2026-02-19T12:34:36.671+0000] {processor.py:839} INFO - DAG(s) dict_keys(['weather_etl_v1']) retrieved from /opt/airflow/dags/weather_dag.py
[2026-02-19T12:34:36.713+0000] {logging_mixin.py:154} INFO - [2026-02-19T12:34:36.712+0000] {dag.py:2941} INFO - Sync 1 DAGs
[2026-02-19T12:34:36.753+0000] {logging_mixin.py:154} INFO - [2026-02-19T12:34:36.752+0000] {dag.py:3722} INFO - Setting next_dagrun for weather_etl_v1 to 2026-02-19T11:00:00+00:00, run_after=2026-02-19T12:00:00+00:00
[2026-02-19T12:34:36.787+0000] {processor.py:179} INFO - Processing /opt/airflow/dags/weather_dag.py took 0.916 seconds
[2026-02-19T12:35:09.238+0000] {processor.py:157} INFO - Started process (PID=727) to work on /opt/airflow/dags/weather_dag.py
[2026-02-19T12:35:09.240+0000] {processor.py:829} INFO - Processing file /opt/airflow/dags/weather_dag.py for tasks to queue
[2026-02-19T12:35:09.242+0000] {logging_mixin.py:154} INFO - [2026-02-19T12:35:09.241+0000] {dagbag.py:536} INFO - Filling up the DagBag from /opt/airflow/dags/weather_dag.py
[2026-02-19T12:35:09.919+0000] {processor.py:839} INFO - DAG(s) dict_keys(['weather_etl_v1']) retrieved from /opt/airflow/dags/weather_dag.py
[2026-02-19T12:35:09.949+0000] {logging_mixin.py:154} INFO - [2026-02-19T12:35:09.949+0000] {dag.py:2941} INFO - Sync 1 DAGs
[2026-02-19T12:35:09.998+0000] {logging_mixin.py:154} INFO - [2026-02-19T12:35:09.997+0000] {dag.py:3722} INFO - Setting next_dagrun for weather_etl_v1 to 2026-02-19T11:00:00+00:00, run_after=2026-02-19T12:00:00+00:00
[2026-02-19T12:35:10.036+0000] {processor.py:179} INFO - Processing /opt/airflow/dags/weather_dag.py took 0.802 seconds
[2026-02-19T12:35:42.771+0000] {processor.py:157} INFO - Started process (PID=733) to work on /opt/airflow/dags/weather_dag.py
[2026-02-19T12:35:42.773+0000] {processor.py:829} INFO - Processing file /opt/airflow/dags/weather_dag.py for tasks to queue
[2026-02-19T12:35:42.775+0000] {logging_mixin.py:154} INFO - [2026-02-19T12:35:42.775+0000] {dagbag.py:536} INFO - Filling up the DagBag from /opt/airflow/dags/weather_dag.py
[2026-02-19T12:35:43.535+0000] {processor.py:839} INFO - DAG(s) dict_keys(['weather_etl_v1']) retrieved from /opt/airflow/dags/weather_dag.py
[2026-02-19T12:35:43.568+0000] {logging_mixin.py:154} INFO - [2026-02-19T12:35:43.567+0000] {dag.py:2941} INFO - Sync 1 DAGs
[2026-02-19T12:35:43.598+0000] {logging_mixin.py:154} INFO - [2026-02-19T12:35:43.597+0000] {dag.py:3722} INFO - Setting next_dagrun for weather_etl_v1 to 2026-02-19T11:00:00+00:00, run_after=2026-02-19T12:00:00+00:00
[2026-02-19T12:35:43.633+0000] {processor.py:179} INFO - Processing /opt/airflow/dags/weather_dag.py took 0.868 seconds
[2026-02-19T12:36:16.342+0000] {processor.py:157} INFO - Started process (PID=739) to work on /opt/airflow/dags/weather_dag.py
[2026-02-19T12:36:16.345+0000] {processor.py:829} INFO - Processing file /opt/airflow/dags/weather_dag.py for tasks to queue
[2026-02-19T12:36:16.347+0000] {logging_mixin.py:154} INFO - [2026-02-19T12:36:16.346+0000] {dagbag.py:536} INFO - Filling up the DagBag from /opt/airflow/dags/weather_dag.py
[2026-02-19T12:36:17.208+0000] {processor.py:839} INFO - DAG(s) dict_keys(['weather_etl_v1']) retrieved from /opt/airflow/dags/weather_dag.py
[2026-02-19T12:36:17.239+0000] {logging_mixin.py:154} INFO - [2026-02-19T12:36:17.238+0000] {dag.py:2941} INFO - Sync 1 DAGs
[2026-02-19T12:36:17.272+0000] {logging_mixin.py:154} INFO - [2026-02-19T12:36:17.272+0000] {dag.py:3722} INFO - Setting next_dagrun for weather_etl_v1 to 2026-02-19T11:00:00+00:00, run_after=2026-02-19T12:00:00+00:00
[2026-02-19T12:36:17.305+0000] {processor.py:179} INFO - Processing /opt/airflow/dags/weather_dag.py took 0.968 seconds
[2026-02-19T12:36:49.934+0000] {processor.py:157} INFO - Started process (PID=745) to work on /opt/airflow/dags/weather_dag.py
[2026-02-19T12:36:49.936+0000] {processor.py:829} INFO - Processing file /opt/airflow/dags/weather_dag.py for tasks to queue
[2026-02-19T12:36:49.938+0000] {logging_mixin.py:154} INFO - [2026-02-19T12:36:49.937+0000] {dagbag.py:536} INFO - Filling up the DagBag from /opt/airflow/dags/weather_dag.py
[2026-02-19T12:36:51.499+0000] {processor.py:839} INFO - DAG(s) dict_keys(['weather_etl_v1']) retrieved from /opt/airflow/dags/weather_dag.py
[2026-02-19T12:36:51.560+0000] {logging_mixin.py:154} INFO - [2026-02-19T12:36:51.559+0000] {dag.py:2941} INFO - Sync 1 DAGs
[2026-02-19T12:36:51.600+0000] {logging_mixin.py:154} INFO - [2026-02-19T12:36:51.600+0000] {dag.py:3722} INFO - Setting next_dagrun for weather_etl_v1 to 2026-02-19T11:00:00+00:00, run_after=2026-02-19T12:00:00+00:00
[2026-02-19T12:36:51.630+0000] {processor.py:179} INFO - Processing /opt/airflow/dags/weather_dag.py took 1.701 seconds
[2026-02-19T12:37:22.583+0000] {processor.py:157} INFO - Started process (PID=751) to work on /opt/airflow/dags/weather_dag.py
[2026-02-19T12:37:22.585+0000] {processor.py:829} INFO - Processing file /opt/airflow/dags/weather_dag.py for tasks to queue
[2026-02-19T12:37:22.586+0000] {logging_mixin.py:154} INFO - [2026-02-19T12:37:22.586+0000] {dagbag.py:536} INFO - Filling up the DagBag from /opt/airflow/dags/weather_dag.py
[2026-02-19T12:37:23.271+0000] {processor.py:839} INFO - DAG(s) dict_keys(['weather_etl_v1']) retrieved from /opt/airflow/dags/weather_dag.py
[2026-02-19T12:37:23.330+0000] {logging_mixin.py:154} INFO - [2026-02-19T12:37:23.330+0000] {dag.py:2941} INFO - Sync 1 DAGs
[2026-02-19T12:37:23.381+0000] {logging_mixin.py:154} INFO - [2026-02-19T12:37:23.381+0000] {dag.py:3722} INFO - Setting next_dagrun for weather_etl_v1 to 2026-02-19T11:00:00+00:00, run_after=2026-02-19T12:00:00+00:00
[2026-02-19T12:37:23.421+0000] {processor.py:179} INFO - Processing /opt/airflow/dags/weather_dag.py took 0.843 seconds
[2026-02-19T12:37:55.894+0000] {processor.py:157} INFO - Started process (PID=757) to work on /opt/airflow/dags/weather_dag.py
[2026-02-19T12:37:55.895+0000] {processor.py:829} INFO - Processing file /opt/airflow/dags/weather_dag.py for tasks to queue
[2026-02-19T12:37:55.897+0000] {logging_mixin.py:154} INFO - [2026-02-19T12:37:55.897+0000] {dagbag.py:536} INFO - Filling up the DagBag from /opt/airflow/dags/weather_dag.py
[2026-02-19T12:37:56.755+0000] {processor.py:839} INFO - DAG(s) dict_keys(['weather_etl_v1']) retrieved from /opt/airflow/dags/weather_dag.py
[2026-02-19T12:37:56.813+0000] {logging_mixin.py:154} INFO - [2026-02-19T12:37:56.812+0000] {dag.py:2941} INFO - Sync 1 DAGs
[2026-02-19T12:37:56.852+0000] {logging_mixin.py:154} INFO - [2026-02-19T12:37:56.852+0000] {dag.py:3722} INFO - Setting next_dagrun for weather_etl_v1 to 2026-02-19T11:00:00+00:00, run_after=2026-02-19T12:00:00+00:00
[2026-02-19T12:37:56.893+0000] {processor.py:179} INFO - Processing /opt/airflow/dags/weather_dag.py took 1.007 seconds
[2026-02-19T12:38:29.631+0000] {processor.py:157} INFO - Started process (PID=763) to work on /opt/airflow/dags/weather_dag.py
[2026-02-19T12:38:29.634+0000] {processor.py:829} INFO - Processing file /opt/airflow/dags/weather_dag.py for tasks to queue
[2026-02-19T12:38:29.644+0000] {logging_mixin.py:154} INFO - [2026-02-19T12:38:29.636+0000] {dagbag.py:536} INFO - Filling up the DagBag from /opt/airflow/dags/weather_dag.py
[2026-02-19T12:38:31.223+0000] {processor.py:839} INFO - DAG(s) dict_keys(['weather_etl_v1']) retrieved from /opt/airflow/dags/weather_dag.py
[2026-02-19T12:38:31.327+0000] {logging_mixin.py:154} INFO - [2026-02-19T12:38:31.326+0000] {dag.py:2941} INFO - Sync 1 DAGs
[2026-02-19T12:38:31.392+0000] {logging_mixin.py:154} INFO - [2026-02-19T12:38:31.391+0000] {dag.py:3722} INFO - Setting next_dagrun for weather_etl_v1 to 2026-02-19T11:00:00+00:00, run_after=2026-02-19T12:00:00+00:00
[2026-02-19T12:38:31.436+0000] {processor.py:179} INFO - Processing /opt/airflow/dags/weather_dag.py took 1.820 seconds
[2026-02-19T12:39:03.126+0000] {processor.py:157} INFO - Started process (PID=769) to work on /opt/airflow/dags/weather_dag.py
[2026-02-19T12:39:03.127+0000] {processor.py:829} INFO - Processing file /opt/airflow/dags/weather_dag.py for tasks to queue
[2026-02-19T12:39:03.129+0000] {logging_mixin.py:154} INFO - [2026-02-19T12:39:03.129+0000] {dagbag.py:536} INFO - Filling up the DagBag from /opt/airflow/dags/weather_dag.py
[2026-02-19T12:39:04.142+0000] {processor.py:839} INFO - DAG(s) dict_keys(['weather_etl_v1']) retrieved from /opt/airflow/dags/weather_dag.py
[2026-02-19T12:39:04.215+0000] {logging_mixin.py:154} INFO - [2026-02-19T12:39:04.214+0000] {dag.py:2941} INFO - Sync 1 DAGs
[2026-02-19T12:39:04.270+0000] {logging_mixin.py:154} INFO - [2026-02-19T12:39:04.269+0000] {dag.py:3722} INFO - Setting next_dagrun for weather_etl_v1 to 2026-02-19T11:00:00+00:00, run_after=2026-02-19T12:00:00+00:00
[2026-02-19T12:39:04.316+0000] {processor.py:179} INFO - Processing /opt/airflow/dags/weather_dag.py took 1.196 seconds
[2026-02-19T12:39:36.097+0000] {processor.py:157} INFO - Started process (PID=775) to work on /opt/airflow/dags/weather_dag.py
[2026-02-19T12:39:36.100+0000] {processor.py:829} INFO - Processing file /opt/airflow/dags/weather_dag.py for tasks to queue
[2026-02-19T12:39:36.103+0000] {logging_mixin.py:154} INFO - [2026-02-19T12:39:36.101+0000] {dagbag.py:536} INFO - Filling up the DagBag from /opt/airflow/dags/weather_dag.py
[2026-02-19T12:40:06.739+0000] {logging_mixin.py:154} INFO - [2026-02-19T12:40:06.229+0000] {timeout.py:68} ERROR - Process timed out, PID: 775
[2026-02-19T12:42:02.726+0000] {processor.py:157} INFO - Started process (PID=779) to work on /opt/airflow/dags/weather_dag.py
[2026-02-19T12:42:02.728+0000] {processor.py:829} INFO - Processing file /opt/airflow/dags/weather_dag.py for tasks to queue
[2026-02-19T12:42:02.733+0000] {logging_mixin.py:154} INFO - [2026-02-19T12:42:02.730+0000] {dagbag.py:536} INFO - Filling up the DagBag from /opt/airflow/dags/weather_dag.py
[2026-02-19T12:42:04.110+0000] {processor.py:839} INFO - DAG(s) dict_keys(['weather_etl_v1']) retrieved from /opt/airflow/dags/weather_dag.py
[2026-02-19T12:43:23.632+0000] {processor.py:157} INFO - Started process (PID=783) to work on /opt/airflow/dags/weather_dag.py
[2026-02-19T12:43:23.634+0000] {processor.py:829} INFO - Processing file /opt/airflow/dags/weather_dag.py for tasks to queue
[2026-02-19T12:43:23.647+0000] {logging_mixin.py:154} INFO - [2026-02-19T12:43:23.641+0000] {dagbag.py:536} INFO - Filling up the DagBag from /opt/airflow/dags/weather_dag.py
[2026-02-19T12:43:25.735+0000] {processor.py:839} INFO - DAG(s) dict_keys(['weather_etl_v1']) retrieved from /opt/airflow/dags/weather_dag.py
[2026-02-19T12:44:12.459+0000] {processor.py:157} INFO - Started process (PID=163) to work on /opt/airflow/dags/weather_dag.py
[2026-02-19T12:44:12.461+0000] {processor.py:829} INFO - Processing file /opt/airflow/dags/weather_dag.py for tasks to queue
[2026-02-19T12:44:12.463+0000] {logging_mixin.py:154} INFO - [2026-02-19T12:44:12.463+0000] {dagbag.py:536} INFO - Filling up the DagBag from /opt/airflow/dags/weather_dag.py
[2026-02-19T12:44:13.353+0000] {processor.py:839} INFO - DAG(s) dict_keys(['weather_etl_v1']) retrieved from /opt/airflow/dags/weather_dag.py
[2026-02-19T12:44:13.933+0000] {logging_mixin.py:154} INFO - [2026-02-19T12:44:13.929+0000] {dag.py:2941} INFO - Sync 1 DAGs
[2026-02-19T12:44:14.034+0000] {logging_mixin.py:154} INFO - [2026-02-19T12:44:14.033+0000] {dag.py:3722} INFO - Setting next_dagrun for weather_etl_v1 to 2026-02-19T11:00:00+00:00, run_after=2026-02-19T12:00:00+00:00
[2026-02-19T12:44:14.109+0000] {processor.py:179} INFO - Processing /opt/airflow/dags/weather_dag.py took 1.653 seconds
[2026-02-19T12:44:44.471+0000] {processor.py:157} INFO - Started process (PID=169) to work on /opt/airflow/dags/weather_dag.py
[2026-02-19T12:44:44.474+0000] {processor.py:829} INFO - Processing file /opt/airflow/dags/weather_dag.py for tasks to queue
[2026-02-19T12:44:44.481+0000] {logging_mixin.py:154} INFO - [2026-02-19T12:44:44.477+0000] {dagbag.py:536} INFO - Filling up the DagBag from /opt/airflow/dags/weather_dag.py
[2026-02-19T12:44:46.036+0000] {processor.py:839} INFO - DAG(s) dict_keys(['weather_etl_v1']) retrieved from /opt/airflow/dags/weather_dag.py
[2026-02-19T12:44:46.201+0000] {logging_mixin.py:154} INFO - [2026-02-19T12:44:46.196+0000] {dag.py:2941} INFO - Sync 1 DAGs
[2026-02-19T12:44:46.247+0000] {logging_mixin.py:154} INFO - [2026-02-19T12:44:46.246+0000] {dag.py:3722} INFO - Setting next_dagrun for weather_etl_v1 to 2026-02-19T11:00:00+00:00, run_after=2026-02-19T12:00:00+00:00
[2026-02-19T12:44:46.292+0000] {processor.py:179} INFO - Processing /opt/airflow/dags/weather_dag.py took 1.830 seconds
[2026-02-19T12:45:16.791+0000] {processor.py:157} INFO - Started process (PID=175) to work on /opt/airflow/dags/weather_dag.py
[2026-02-19T12:45:16.794+0000] {processor.py:829} INFO - Processing file /opt/airflow/dags/weather_dag.py for tasks to queue
[2026-02-19T12:45:16.797+0000] {logging_mixin.py:154} INFO - [2026-02-19T12:45:16.795+0000] {dagbag.py:536} INFO - Filling up the DagBag from /opt/airflow/dags/weather_dag.py
[2026-02-19T12:45:18.129+0000] {processor.py:839} INFO - DAG(s) dict_keys(['weather_etl_v1']) retrieved from /opt/airflow/dags/weather_dag.py
[2026-02-19T12:45:55.986+0000] {processor.py:182} ERROR - Got an exception! Propagating...
Traceback (most recent call last):
  File "/home/airflow/.local/lib/python3.8/site-packages/sqlalchemy/engine/base.py", line 3371, in _wrap_pool_connect
    return fn()
  File "/home/airflow/.local/lib/python3.8/site-packages/sqlalchemy/pool/base.py", line 327, in connect
    return _ConnectionFairy._checkout(self)
  File "/home/airflow/.local/lib/python3.8/site-packages/sqlalchemy/pool/base.py", line 894, in _checkout
    fairy = _ConnectionRecord.checkout(pool)
  File "/home/airflow/.local/lib/python3.8/site-packages/sqlalchemy/pool/base.py", line 493, in checkout
    rec = pool._do_get()
  File "/home/airflow/.local/lib/python3.8/site-packages/sqlalchemy/pool/impl.py", line 146, in _do_get
    self._dec_overflow()
  File "/home/airflow/.local/lib/python3.8/site-packages/sqlalchemy/util/langhelpers.py", line 70, in __exit__
    compat.raise_(
  File "/home/airflow/.local/lib/python3.8/site-packages/sqlalchemy/util/compat.py", line 211, in raise_
    raise exception
  File "/home/airflow/.local/lib/python3.8/site-packages/sqlalchemy/pool/impl.py", line 143, in _do_get
    return self._create_connection()
  File "/home/airflow/.local/lib/python3.8/site-packages/sqlalchemy/pool/base.py", line 273, in _create_connection
    return _ConnectionRecord(self)
  File "/home/airflow/.local/lib/python3.8/site-packages/sqlalchemy/pool/base.py", line 388, in __init__
    self.__connect()
  File "/home/airflow/.local/lib/python3.8/site-packages/sqlalchemy/pool/base.py", line 691, in __connect
    pool.logger.debug("Error on connect(): %s", e)
  File "/home/airflow/.local/lib/python3.8/site-packages/sqlalchemy/util/langhelpers.py", line 70, in __exit__
    compat.raise_(
  File "/home/airflow/.local/lib/python3.8/site-packages/sqlalchemy/util/compat.py", line 211, in raise_
    raise exception
  File "/home/airflow/.local/lib/python3.8/site-packages/sqlalchemy/pool/base.py", line 686, in __connect
    self.dbapi_connection = connection = pool._invoke_creator(self)
  File "/home/airflow/.local/lib/python3.8/site-packages/sqlalchemy/engine/create.py", line 574, in connect
    return dialect.connect(*cargs, **cparams)
  File "/home/airflow/.local/lib/python3.8/site-packages/sqlalchemy/engine/default.py", line 598, in connect
    return self.dbapi.connect(*cargs, **cparams)
  File "/home/airflow/.local/lib/python3.8/site-packages/psycopg2/__init__.py", line 122, in connect
    conn = _connect(dsn, connection_factory=connection_factory, **kwasync)
psycopg2.OperationalError: could not translate host name "postgres" to address: Temporary failure in name resolution


The above exception was the direct cause of the following exception:

Traceback (most recent call last):
  File "/home/airflow/.local/lib/python3.8/site-packages/airflow/dag_processing/processor.py", line 178, in _run_file_processor
    _handle_dag_file_processing()
  File "/home/airflow/.local/lib/python3.8/site-packages/airflow/dag_processing/processor.py", line 159, in _handle_dag_file_processing
    result: tuple[int, int] = dag_file_processor.process_file(
  File "/home/airflow/.local/lib/python3.8/site-packages/airflow/utils/session.py", line 79, in wrapper
    return func(*args, session=session, **kwargs)
  File "/home/airflow/.local/lib/python3.8/site-packages/airflow/dag_processing/processor.py", line 857, in process_file
    serialize_errors = DagFileProcessor.save_dag_to_db(
  File "/home/airflow/.local/lib/python3.8/site-packages/airflow/api_internal/internal_api_call.py", line 114, in wrapper
    return func(*args, **kwargs)
  File "/home/airflow/.local/lib/python3.8/site-packages/airflow/utils/session.py", line 79, in wrapper
    return func(*args, session=session, **kwargs)
  File "/home/airflow/.local/lib/python3.8/site-packages/airflow/dag_processing/processor.py", line 893, in save_dag_to_db
    import_errors = DagBag._sync_to_db(dags=dags, processor_subdir=dag_directory, session=session)
  File "/home/airflow/.local/lib/python3.8/site-packages/airflow/utils/session.py", line 76, in wrapper
    return func(*args, **kwargs)
  File "/home/airflow/.local/lib/python3.8/site-packages/airflow/models/dagbag.py", line 654, in _sync_to_db
    for attempt in run_with_db_retries(logger=log):
  File "/home/airflow/.local/lib/python3.8/site-packages/tenacity/__init__.py", line 347, in __iter__
    do = self.iter(retry_state=retry_state)
  File "/home/airflow/.local/lib/python3.8/site-packages/tenacity/__init__.py", line 325, in iter
    raise retry_exc.reraise()
  File "/home/airflow/.local/lib/python3.8/site-packages/tenacity/__init__.py", line 158, in reraise
    raise self.last_attempt.result()
  File "/usr/local/lib/python3.8/concurrent/futures/_base.py", line 437, in result
    return self.__get_result()
  File "/usr/local/lib/python3.8/concurrent/futures/_base.py", line 389, in __get_result
    raise self._exception
  File "/home/airflow/.local/lib/python3.8/site-packages/airflow/models/dagbag.py", line 666, in _sync_to_db
    serialize_errors.extend(_serialize_dag_capturing_errors(dag, session))
  File "/home/airflow/.local/lib/python3.8/site-packages/airflow/models/dagbag.py", line 633, in _serialize_dag_capturing_errors
    dag_was_updated = SerializedDagModel.write_dag(
  File "/home/airflow/.local/lib/python3.8/site-packages/airflow/utils/session.py", line 76, in wrapper
    return func(*args, **kwargs)
  File "/home/airflow/.local/lib/python3.8/site-packages/airflow/models/serialized_dag.py", line 147, in write_dag
    if session.scalar(
  File "/home/airflow/.local/lib/python3.8/site-packages/sqlalchemy/orm/session.py", line 1747, in scalar
    return self.execute(
  File "/home/airflow/.local/lib/python3.8/site-packages/sqlalchemy/orm/session.py", line 1716, in execute
    conn = self._connection_for_bind(bind)
  File "/home/airflow/.local/lib/python3.8/site-packages/sqlalchemy/orm/session.py", line 1555, in _connection_for_bind
    return self._transaction._connection_for_bind(
  File "/home/airflow/.local/lib/python3.8/site-packages/sqlalchemy/orm/session.py", line 750, in _connection_for_bind
    conn = bind.connect()
  File "/home/airflow/.local/lib/python3.8/site-packages/sqlalchemy/future/engine.py", line 406, in connect
    return super(Engine, self).connect()
  File "/home/airflow/.local/lib/python3.8/site-packages/sqlalchemy/engine/base.py", line 3325, in connect
    return self._connection_cls(self, close_with_result=close_with_result)
  File "/home/airflow/.local/lib/python3.8/site-packages/sqlalchemy/engine/base.py", line 96, in __init__
    else engine.raw_connection()
  File "/home/airflow/.local/lib/python3.8/site-packages/sqlalchemy/engine/base.py", line 3404, in raw_connection
    return self._wrap_pool_connect(self.pool.connect, _connection)
  File "/home/airflow/.local/lib/python3.8/site-packages/sqlalchemy/engine/base.py", line 3374, in _wrap_pool_connect
    Connection._handle_dbapi_exception_noconnection(
  File "/home/airflow/.local/lib/python3.8/site-packages/sqlalchemy/engine/base.py", line 2208, in _handle_dbapi_exception_noconnection
    util.raise_(
  File "/home/airflow/.local/lib/python3.8/site-packages/sqlalchemy/util/compat.py", line 211, in raise_
    raise exception
  File "/home/airflow/.local/lib/python3.8/site-packages/sqlalchemy/engine/base.py", line 3371, in _wrap_pool_connect
    return fn()
  File "/home/airflow/.local/lib/python3.8/site-packages/sqlalchemy/pool/base.py", line 327, in connect
    return _ConnectionFairy._checkout(self)
  File "/home/airflow/.local/lib/python3.8/site-packages/sqlalchemy/pool/base.py", line 894, in _checkout
    fairy = _ConnectionRecord.checkout(pool)
  File "/home/airflow/.local/lib/python3.8/site-packages/sqlalchemy/pool/base.py", line 493, in checkout
    rec = pool._do_get()
  File "/home/airflow/.local/lib/python3.8/site-packages/sqlalchemy/pool/impl.py", line 146, in _do_get
    self._dec_overflow()
  File "/home/airflow/.local/lib/python3.8/site-packages/sqlalchemy/util/langhelpers.py", line 70, in __exit__
    compat.raise_(
  File "/home/airflow/.local/lib/python3.8/site-packages/sqlalchemy/util/compat.py", line 211, in raise_
    raise exception
  File "/home/airflow/.local/lib/python3.8/site-packages/sqlalchemy/pool/impl.py", line 143, in _do_get
    return self._create_connection()
  File "/home/airflow/.local/lib/python3.8/site-packages/sqlalchemy/pool/base.py", line 273, in _create_connection
    return _ConnectionRecord(self)
  File "/home/airflow/.local/lib/python3.8/site-packages/sqlalchemy/pool/base.py", line 388, in __init__
    self.__connect()
  File "/home/airflow/.local/lib/python3.8/site-packages/sqlalchemy/pool/base.py", line 691, in __connect
    pool.logger.debug("Error on connect(): %s", e)
  File "/home/airflow/.local/lib/python3.8/site-packages/sqlalchemy/util/langhelpers.py", line 70, in __exit__
    compat.raise_(
  File "/home/airflow/.local/lib/python3.8/site-packages/sqlalchemy/util/compat.py", line 211, in raise_
    raise exception
  File "/home/airflow/.local/lib/python3.8/site-packages/sqlalchemy/pool/base.py", line 686, in __connect
    self.dbapi_connection = connection = pool._invoke_creator(self)
  File "/home/airflow/.local/lib/python3.8/site-packages/sqlalchemy/engine/create.py", line 574, in connect
    return dialect.connect(*cargs, **cparams)
  File "/home/airflow/.local/lib/python3.8/site-packages/sqlalchemy/engine/default.py", line 598, in connect
    return self.dbapi.connect(*cargs, **cparams)
  File "/home/airflow/.local/lib/python3.8/site-packages/psycopg2/__init__.py", line 122, in connect
    conn = _connect(dsn, connection_factory=connection_factory, **kwasync)
sqlalchemy.exc.OperationalError: (psycopg2.OperationalError) could not translate host name "postgres" to address: Temporary failure in name resolution

(Background on this error at: https://sqlalche.me/e/14/e3q8)
[2026-02-19T12:46:26.785+0000] {processor.py:157} INFO - Started process (PID=181) to work on /opt/airflow/dags/weather_dag.py
[2026-02-19T12:46:26.786+0000] {processor.py:829} INFO - Processing file /opt/airflow/dags/weather_dag.py for tasks to queue
[2026-02-19T12:46:26.789+0000] {logging_mixin.py:154} INFO - [2026-02-19T12:46:26.787+0000] {dagbag.py:536} INFO - Filling up the DagBag from /opt/airflow/dags/weather_dag.py
[2026-02-19T12:46:31.188+0000] {processor.py:839} INFO - DAG(s) dict_keys(['weather_etl_v1']) retrieved from /opt/airflow/dags/weather_dag.py
[2026-02-19T12:46:32.083+0000] {logging_mixin.py:154} INFO - [2026-02-19T12:46:32.071+0000] {dag.py:2941} INFO - Sync 1 DAGs
[2026-02-19T12:46:32.137+0000] {logging_mixin.py:154} INFO - [2026-02-19T12:46:32.137+0000] {dag.py:3722} INFO - Setting next_dagrun for weather_etl_v1 to 2026-02-19T11:00:00+00:00, run_after=2026-02-19T12:00:00+00:00
[2026-02-19T12:46:32.193+0000] {processor.py:179} INFO - Processing /opt/airflow/dags/weather_dag.py took 2.119 seconds
[2026-02-19T12:47:04.765+0000] {processor.py:157} INFO - Started process (PID=187) to work on /opt/airflow/dags/weather_dag.py
[2026-02-19T12:47:04.767+0000] {processor.py:829} INFO - Processing file /opt/airflow/dags/weather_dag.py for tasks to queue
[2026-02-19T12:47:04.771+0000] {logging_mixin.py:154} INFO - [2026-02-19T12:47:04.768+0000] {dagbag.py:536} INFO - Filling up the DagBag from /opt/airflow/dags/weather_dag.py
[2026-02-19T12:47:05.717+0000] {processor.py:839} INFO - DAG(s) dict_keys(['weather_etl_v1']) retrieved from /opt/airflow/dags/weather_dag.py
[2026-02-19T12:47:05.830+0000] {logging_mixin.py:154} INFO - [2026-02-19T12:47:05.825+0000] {dag.py:2941} INFO - Sync 1 DAGs
[2026-02-19T12:47:06.063+0000] {logging_mixin.py:154} INFO - [2026-02-19T12:47:06.063+0000] {dag.py:3722} INFO - Setting next_dagrun for weather_etl_v1 to 2026-02-19T11:00:00+00:00, run_after=2026-02-19T12:00:00+00:00
[2026-02-19T12:47:06.102+0000] {processor.py:179} INFO - Processing /opt/airflow/dags/weather_dag.py took 1.346 seconds
[2026-02-19T12:47:37.848+0000] {processor.py:157} INFO - Started process (PID=193) to work on /opt/airflow/dags/weather_dag.py
[2026-02-19T12:47:37.857+0000] {processor.py:829} INFO - Processing file /opt/airflow/dags/weather_dag.py for tasks to queue
[2026-02-19T12:47:37.862+0000] {logging_mixin.py:154} INFO - [2026-02-19T12:47:37.859+0000] {dagbag.py:536} INFO - Filling up the DagBag from /opt/airflow/dags/weather_dag.py
[2026-02-19T12:47:38.896+0000] {processor.py:839} INFO - DAG(s) dict_keys(['weather_etl_v1']) retrieved from /opt/airflow/dags/weather_dag.py
[2026-02-19T12:47:39.208+0000] {logging_mixin.py:154} INFO - [2026-02-19T12:47:39.204+0000] {dag.py:2941} INFO - Sync 1 DAGs
[2026-02-19T12:47:39.248+0000] {logging_mixin.py:154} INFO - [2026-02-19T12:47:39.248+0000] {dag.py:3722} INFO - Setting next_dagrun for weather_etl_v1 to 2026-02-19T11:00:00+00:00, run_after=2026-02-19T12:00:00+00:00
[2026-02-19T12:47:39.298+0000] {processor.py:179} INFO - Processing /opt/airflow/dags/weather_dag.py took 1.458 seconds
[2026-02-19T12:48:11.217+0000] {processor.py:157} INFO - Started process (PID=199) to work on /opt/airflow/dags/weather_dag.py
[2026-02-19T12:48:11.220+0000] {processor.py:829} INFO - Processing file /opt/airflow/dags/weather_dag.py for tasks to queue
[2026-02-19T12:48:11.232+0000] {logging_mixin.py:154} INFO - [2026-02-19T12:48:11.222+0000] {dagbag.py:536} INFO - Filling up the DagBag from /opt/airflow/dags/weather_dag.py
[2026-02-19T12:48:12.889+0000] {processor.py:839} INFO - DAG(s) dict_keys(['weather_etl_v1']) retrieved from /opt/airflow/dags/weather_dag.py
[2026-02-19T12:48:13.196+0000] {logging_mixin.py:154} INFO - [2026-02-19T12:48:13.193+0000] {dag.py:2941} INFO - Sync 1 DAGs
[2026-02-19T12:48:13.234+0000] {logging_mixin.py:154} INFO - [2026-02-19T12:48:13.233+0000] {dag.py:3722} INFO - Setting next_dagrun for weather_etl_v1 to 2026-02-19T11:00:00+00:00, run_after=2026-02-19T12:00:00+00:00
[2026-02-19T12:48:13.269+0000] {processor.py:179} INFO - Processing /opt/airflow/dags/weather_dag.py took 2.062 seconds
[2026-02-19T12:48:44.833+0000] {processor.py:157} INFO - Started process (PID=205) to work on /opt/airflow/dags/weather_dag.py
[2026-02-19T12:48:44.835+0000] {processor.py:829} INFO - Processing file /opt/airflow/dags/weather_dag.py for tasks to queue
[2026-02-19T12:48:44.837+0000] {logging_mixin.py:154} INFO - [2026-02-19T12:48:44.837+0000] {dagbag.py:536} INFO - Filling up the DagBag from /opt/airflow/dags/weather_dag.py
[2026-02-19T12:48:45.613+0000] {processor.py:839} INFO - DAG(s) dict_keys(['weather_etl_v1']) retrieved from /opt/airflow/dags/weather_dag.py
[2026-02-19T12:48:45.645+0000] {logging_mixin.py:154} INFO - [2026-02-19T12:48:45.644+0000] {dag.py:2941} INFO - Sync 1 DAGs
[2026-02-19T12:48:45.677+0000] {logging_mixin.py:154} INFO - [2026-02-19T12:48:45.676+0000] {dag.py:3722} INFO - Setting next_dagrun for weather_etl_v1 to 2026-02-19T11:00:00+00:00, run_after=2026-02-19T12:00:00+00:00
[2026-02-19T12:48:45.708+0000] {processor.py:179} INFO - Processing /opt/airflow/dags/weather_dag.py took 0.880 seconds
[2026-02-19T12:49:18.467+0000] {processor.py:157} INFO - Started process (PID=211) to work on /opt/airflow/dags/weather_dag.py
[2026-02-19T12:49:18.469+0000] {processor.py:829} INFO - Processing file /opt/airflow/dags/weather_dag.py for tasks to queue
[2026-02-19T12:49:18.471+0000] {logging_mixin.py:154} INFO - [2026-02-19T12:49:18.471+0000] {dagbag.py:536} INFO - Filling up the DagBag from /opt/airflow/dags/weather_dag.py
[2026-02-19T12:49:19.146+0000] {processor.py:839} INFO - DAG(s) dict_keys(['weather_etl_v1']) retrieved from /opt/airflow/dags/weather_dag.py
[2026-02-19T12:49:19.189+0000] {logging_mixin.py:154} INFO - [2026-02-19T12:49:19.188+0000] {dag.py:2941} INFO - Sync 1 DAGs
[2026-02-19T12:49:19.237+0000] {logging_mixin.py:154} INFO - [2026-02-19T12:49:19.236+0000] {dag.py:3722} INFO - Setting next_dagrun for weather_etl_v1 to 2026-02-19T11:00:00+00:00, run_after=2026-02-19T12:00:00+00:00
[2026-02-19T12:49:19.281+0000] {processor.py:179} INFO - Processing /opt/airflow/dags/weather_dag.py took 0.819 seconds
[2026-02-19T12:49:50.996+0000] {processor.py:157} INFO - Started process (PID=217) to work on /opt/airflow/dags/weather_dag.py
[2026-02-19T12:49:50.998+0000] {processor.py:829} INFO - Processing file /opt/airflow/dags/weather_dag.py for tasks to queue
[2026-02-19T12:49:51.000+0000] {logging_mixin.py:154} INFO - [2026-02-19T12:49:50.999+0000] {dagbag.py:536} INFO - Filling up the DagBag from /opt/airflow/dags/weather_dag.py
[2026-02-19T12:49:51.783+0000] {processor.py:839} INFO - DAG(s) dict_keys(['weather_etl_v1']) retrieved from /opt/airflow/dags/weather_dag.py
[2026-02-19T12:49:51.826+0000] {logging_mixin.py:154} INFO - [2026-02-19T12:49:51.825+0000] {dag.py:2941} INFO - Sync 1 DAGs
[2026-02-19T12:49:51.930+0000] {logging_mixin.py:154} INFO - [2026-02-19T12:49:51.930+0000] {dag.py:3722} INFO - Setting next_dagrun for weather_etl_v1 to 2026-02-19T11:00:00+00:00, run_after=2026-02-19T12:00:00+00:00
[2026-02-19T12:49:51.998+0000] {processor.py:179} INFO - Processing /opt/airflow/dags/weather_dag.py took 1.007 seconds
[2026-02-19T12:50:24.667+0000] {processor.py:157} INFO - Started process (PID=223) to work on /opt/airflow/dags/weather_dag.py
[2026-02-19T12:50:24.669+0000] {processor.py:829} INFO - Processing file /opt/airflow/dags/weather_dag.py for tasks to queue
[2026-02-19T12:50:24.671+0000] {logging_mixin.py:154} INFO - [2026-02-19T12:50:24.670+0000] {dagbag.py:536} INFO - Filling up the DagBag from /opt/airflow/dags/weather_dag.py
[2026-02-19T12:50:25.145+0000] {processor.py:839} INFO - DAG(s) dict_keys(['weather_etl_v1']) retrieved from /opt/airflow/dags/weather_dag.py
[2026-02-19T12:50:25.181+0000] {logging_mixin.py:154} INFO - [2026-02-19T12:50:25.180+0000] {dag.py:2941} INFO - Sync 1 DAGs
[2026-02-19T12:50:25.386+0000] {logging_mixin.py:154} INFO - [2026-02-19T12:50:25.386+0000] {dag.py:3722} INFO - Setting next_dagrun for weather_etl_v1 to 2026-02-19T11:00:00+00:00, run_after=2026-02-19T12:00:00+00:00
[2026-02-19T12:50:25.416+0000] {processor.py:179} INFO - Processing /opt/airflow/dags/weather_dag.py took 0.756 seconds
[2026-02-19T12:50:58.080+0000] {processor.py:157} INFO - Started process (PID=229) to work on /opt/airflow/dags/weather_dag.py
[2026-02-19T12:50:58.082+0000] {processor.py:829} INFO - Processing file /opt/airflow/dags/weather_dag.py for tasks to queue
[2026-02-19T12:50:58.084+0000] {logging_mixin.py:154} INFO - [2026-02-19T12:50:58.083+0000] {dagbag.py:536} INFO - Filling up the DagBag from /opt/airflow/dags/weather_dag.py
[2026-02-19T12:50:58.590+0000] {processor.py:839} INFO - DAG(s) dict_keys(['weather_etl_v1']) retrieved from /opt/airflow/dags/weather_dag.py
[2026-02-19T12:50:58.629+0000] {logging_mixin.py:154} INFO - [2026-02-19T12:50:58.626+0000] {dag.py:2941} INFO - Sync 1 DAGs
[2026-02-19T12:50:58.829+0000] {logging_mixin.py:154} INFO - [2026-02-19T12:50:58.829+0000] {dag.py:3722} INFO - Setting next_dagrun for weather_etl_v1 to 2026-02-19T11:00:00+00:00, run_after=2026-02-19T12:00:00+00:00
[2026-02-19T12:50:58.859+0000] {processor.py:179} INFO - Processing /opt/airflow/dags/weather_dag.py took 0.784 seconds
[2026-02-19T12:51:31.555+0000] {processor.py:157} INFO - Started process (PID=235) to work on /opt/airflow/dags/weather_dag.py
[2026-02-19T12:51:31.557+0000] {processor.py:829} INFO - Processing file /opt/airflow/dags/weather_dag.py for tasks to queue
[2026-02-19T12:51:31.559+0000] {logging_mixin.py:154} INFO - [2026-02-19T12:51:31.558+0000] {dagbag.py:536} INFO - Filling up the DagBag from /opt/airflow/dags/weather_dag.py
[2026-02-19T12:51:32.368+0000] {processor.py:839} INFO - DAG(s) dict_keys(['weather_etl_v1']) retrieved from /opt/airflow/dags/weather_dag.py
[2026-02-19T12:51:32.411+0000] {logging_mixin.py:154} INFO - [2026-02-19T12:51:32.410+0000] {dag.py:2941} INFO - Sync 1 DAGs
[2026-02-19T12:51:32.446+0000] {logging_mixin.py:154} INFO - [2026-02-19T12:51:32.445+0000] {dag.py:3722} INFO - Setting next_dagrun for weather_etl_v1 to 2026-02-19T11:00:00+00:00, run_after=2026-02-19T12:00:00+00:00
[2026-02-19T12:51:32.478+0000] {processor.py:179} INFO - Processing /opt/airflow/dags/weather_dag.py took 0.928 seconds
[2026-02-19T12:52:04.539+0000] {processor.py:157} INFO - Started process (PID=241) to work on /opt/airflow/dags/weather_dag.py
[2026-02-19T12:52:04.542+0000] {processor.py:829} INFO - Processing file /opt/airflow/dags/weather_dag.py for tasks to queue
[2026-02-19T12:52:04.544+0000] {logging_mixin.py:154} INFO - [2026-02-19T12:52:04.543+0000] {dagbag.py:536} INFO - Filling up the DagBag from /opt/airflow/dags/weather_dag.py
[2026-02-19T12:52:05.231+0000] {processor.py:839} INFO - DAG(s) dict_keys(['weather_etl_v1']) retrieved from /opt/airflow/dags/weather_dag.py
[2026-02-19T12:52:05.263+0000] {logging_mixin.py:154} INFO - [2026-02-19T12:52:05.263+0000] {dag.py:2941} INFO - Sync 1 DAGs
[2026-02-19T12:52:05.297+0000] {logging_mixin.py:154} INFO - [2026-02-19T12:52:05.296+0000] {dag.py:3722} INFO - Setting next_dagrun for weather_etl_v1 to 2026-02-19T11:00:00+00:00, run_after=2026-02-19T12:00:00+00:00
[2026-02-19T12:52:05.328+0000] {processor.py:179} INFO - Processing /opt/airflow/dags/weather_dag.py took 0.802 seconds
[2026-02-19T12:52:36.055+0000] {processor.py:157} INFO - Started process (PID=247) to work on /opt/airflow/dags/weather_dag.py
[2026-02-19T12:52:36.057+0000] {processor.py:829} INFO - Processing file /opt/airflow/dags/weather_dag.py for tasks to queue
[2026-02-19T12:52:36.058+0000] {logging_mixin.py:154} INFO - [2026-02-19T12:52:36.058+0000] {dagbag.py:536} INFO - Filling up the DagBag from /opt/airflow/dags/weather_dag.py
[2026-02-19T12:52:36.842+0000] {processor.py:839} INFO - DAG(s) dict_keys(['weather_etl_v1']) retrieved from /opt/airflow/dags/weather_dag.py
[2026-02-19T12:52:36.893+0000] {logging_mixin.py:154} INFO - [2026-02-19T12:52:36.893+0000] {dag.py:2941} INFO - Sync 1 DAGs
[2026-02-19T12:52:36.954+0000] {logging_mixin.py:154} INFO - [2026-02-19T12:52:36.953+0000] {dag.py:3722} INFO - Setting next_dagrun for weather_etl_v1 to 2026-02-19T11:00:00+00:00, run_after=2026-02-19T12:00:00+00:00
[2026-02-19T12:52:36.994+0000] {processor.py:179} INFO - Processing /opt/airflow/dags/weather_dag.py took 0.944 seconds
[2026-02-19T12:53:07.690+0000] {processor.py:157} INFO - Started process (PID=253) to work on /opt/airflow/dags/weather_dag.py
[2026-02-19T12:53:07.693+0000] {processor.py:829} INFO - Processing file /opt/airflow/dags/weather_dag.py for tasks to queue
[2026-02-19T12:53:07.695+0000] {logging_mixin.py:154} INFO - [2026-02-19T12:53:07.694+0000] {dagbag.py:536} INFO - Filling up the DagBag from /opt/airflow/dags/weather_dag.py
[2026-02-19T12:53:08.284+0000] {processor.py:839} INFO - DAG(s) dict_keys(['weather_etl_v1']) retrieved from /opt/airflow/dags/weather_dag.py
[2026-02-19T12:53:08.325+0000] {logging_mixin.py:154} INFO - [2026-02-19T12:53:08.324+0000] {dag.py:2941} INFO - Sync 1 DAGs
[2026-02-19T12:53:08.554+0000] {logging_mixin.py:154} INFO - [2026-02-19T12:53:08.554+0000] {dag.py:3722} INFO - Setting next_dagrun for weather_etl_v1 to 2026-02-19T11:00:00+00:00, run_after=2026-02-19T12:00:00+00:00
[2026-02-19T12:53:08.593+0000] {processor.py:179} INFO - Processing /opt/airflow/dags/weather_dag.py took 0.908 seconds
[2026-02-19T12:53:38.786+0000] {processor.py:157} INFO - Started process (PID=259) to work on /opt/airflow/dags/weather_dag.py
[2026-02-19T12:53:38.790+0000] {processor.py:829} INFO - Processing file /opt/airflow/dags/weather_dag.py for tasks to queue
[2026-02-19T12:53:38.798+0000] {logging_mixin.py:154} INFO - [2026-02-19T12:53:38.797+0000] {dagbag.py:536} INFO - Filling up the DagBag from /opt/airflow/dags/weather_dag.py
[2026-02-19T12:53:39.498+0000] {processor.py:839} INFO - DAG(s) dict_keys(['weather_etl_v1']) retrieved from /opt/airflow/dags/weather_dag.py
[2026-02-19T12:53:39.538+0000] {logging_mixin.py:154} INFO - [2026-02-19T12:53:39.537+0000] {dag.py:2941} INFO - Sync 1 DAGs
[2026-02-19T12:53:39.789+0000] {logging_mixin.py:154} INFO - [2026-02-19T12:53:39.789+0000] {dag.py:3722} INFO - Setting next_dagrun for weather_etl_v1 to 2026-02-19T11:00:00+00:00, run_after=2026-02-19T12:00:00+00:00
[2026-02-19T12:53:39.830+0000] {processor.py:179} INFO - Processing /opt/airflow/dags/weather_dag.py took 1.054 seconds
[2026-02-19T12:54:10.294+0000] {processor.py:157} INFO - Started process (PID=265) to work on /opt/airflow/dags/weather_dag.py
[2026-02-19T12:54:10.296+0000] {processor.py:829} INFO - Processing file /opt/airflow/dags/weather_dag.py for tasks to queue
[2026-02-19T12:54:10.297+0000] {logging_mixin.py:154} INFO - [2026-02-19T12:54:10.297+0000] {dagbag.py:536} INFO - Filling up the DagBag from /opt/airflow/dags/weather_dag.py
[2026-02-19T12:54:10.778+0000] {processor.py:839} INFO - DAG(s) dict_keys(['weather_etl_v1']) retrieved from /opt/airflow/dags/weather_dag.py
[2026-02-19T12:54:10.815+0000] {logging_mixin.py:154} INFO - [2026-02-19T12:54:10.814+0000] {dag.py:2941} INFO - Sync 1 DAGs
[2026-02-19T12:54:11.017+0000] {logging_mixin.py:154} INFO - [2026-02-19T12:54:11.017+0000] {dag.py:3722} INFO - Setting next_dagrun for weather_etl_v1 to 2026-02-19T11:00:00+00:00, run_after=2026-02-19T12:00:00+00:00
[2026-02-19T12:54:11.048+0000] {processor.py:179} INFO - Processing /opt/airflow/dags/weather_dag.py took 0.759 seconds
[2026-02-19T12:54:41.843+0000] {processor.py:157} INFO - Started process (PID=271) to work on /opt/airflow/dags/weather_dag.py
[2026-02-19T12:54:41.845+0000] {processor.py:829} INFO - Processing file /opt/airflow/dags/weather_dag.py for tasks to queue
[2026-02-19T12:54:41.852+0000] {logging_mixin.py:154} INFO - [2026-02-19T12:54:41.851+0000] {dagbag.py:536} INFO - Filling up the DagBag from /opt/airflow/dags/weather_dag.py
[2026-02-19T12:54:42.426+0000] {processor.py:839} INFO - DAG(s) dict_keys(['weather_etl_v1']) retrieved from /opt/airflow/dags/weather_dag.py
[2026-02-19T12:54:42.631+0000] {logging_mixin.py:154} INFO - [2026-02-19T12:54:42.630+0000] {dag.py:2941} INFO - Sync 1 DAGs
[2026-02-19T12:54:42.665+0000] {logging_mixin.py:154} INFO - [2026-02-19T12:54:42.665+0000] {dag.py:3722} INFO - Setting next_dagrun for weather_etl_v1 to 2026-02-19T11:00:00+00:00, run_after=2026-02-19T12:00:00+00:00
[2026-02-19T12:54:42.700+0000] {processor.py:179} INFO - Processing /opt/airflow/dags/weather_dag.py took 0.862 seconds
[2026-02-19T12:55:12.943+0000] {processor.py:157} INFO - Started process (PID=277) to work on /opt/airflow/dags/weather_dag.py
[2026-02-19T12:55:12.948+0000] {processor.py:829} INFO - Processing file /opt/airflow/dags/weather_dag.py for tasks to queue
[2026-02-19T12:55:12.951+0000] {logging_mixin.py:154} INFO - [2026-02-19T12:55:12.950+0000] {dagbag.py:536} INFO - Filling up the DagBag from /opt/airflow/dags/weather_dag.py
[2026-02-19T12:55:13.972+0000] {processor.py:839} INFO - DAG(s) dict_keys(['weather_etl_v1']) retrieved from /opt/airflow/dags/weather_dag.py
[2026-02-19T12:55:14.008+0000] {logging_mixin.py:154} INFO - [2026-02-19T12:55:14.008+0000] {dag.py:2941} INFO - Sync 1 DAGs
[2026-02-19T12:55:14.045+0000] {logging_mixin.py:154} INFO - [2026-02-19T12:55:14.045+0000] {dag.py:3722} INFO - Setting next_dagrun for weather_etl_v1 to 2026-02-19T11:00:00+00:00, run_after=2026-02-19T12:00:00+00:00
[2026-02-19T12:55:14.080+0000] {processor.py:179} INFO - Processing /opt/airflow/dags/weather_dag.py took 1.142 seconds
[2026-02-19T12:55:44.334+0000] {processor.py:157} INFO - Started process (PID=283) to work on /opt/airflow/dags/weather_dag.py
[2026-02-19T12:55:44.336+0000] {processor.py:829} INFO - Processing file /opt/airflow/dags/weather_dag.py for tasks to queue
[2026-02-19T12:55:44.338+0000] {logging_mixin.py:154} INFO - [2026-02-19T12:55:44.337+0000] {dagbag.py:536} INFO - Filling up the DagBag from /opt/airflow/dags/weather_dag.py
[2026-02-19T12:55:45.044+0000] {processor.py:839} INFO - DAG(s) dict_keys(['weather_etl_v1']) retrieved from /opt/airflow/dags/weather_dag.py
[2026-02-19T12:55:45.078+0000] {logging_mixin.py:154} INFO - [2026-02-19T12:55:45.075+0000] {dag.py:2941} INFO - Sync 1 DAGs
[2026-02-19T12:55:45.114+0000] {logging_mixin.py:154} INFO - [2026-02-19T12:55:45.114+0000] {dag.py:3722} INFO - Setting next_dagrun for weather_etl_v1 to 2026-02-19T11:00:00+00:00, run_after=2026-02-19T12:00:00+00:00
[2026-02-19T12:55:45.153+0000] {processor.py:179} INFO - Processing /opt/airflow/dags/weather_dag.py took 0.825 seconds
[2026-02-19T12:56:15.303+0000] {processor.py:157} INFO - Started process (PID=295) to work on /opt/airflow/dags/weather_dag.py
[2026-02-19T12:56:15.306+0000] {processor.py:829} INFO - Processing file /opt/airflow/dags/weather_dag.py for tasks to queue
[2026-02-19T12:56:15.309+0000] {logging_mixin.py:154} INFO - [2026-02-19T12:56:15.309+0000] {dagbag.py:536} INFO - Filling up the DagBag from /opt/airflow/dags/weather_dag.py
[2026-02-19T12:56:15.991+0000] {processor.py:839} INFO - DAG(s) dict_keys(['weather_etl_v1']) retrieved from /opt/airflow/dags/weather_dag.py
[2026-02-19T12:56:16.026+0000] {logging_mixin.py:154} INFO - [2026-02-19T12:56:16.025+0000] {dag.py:2941} INFO - Sync 1 DAGs
[2026-02-19T12:56:16.065+0000] {logging_mixin.py:154} INFO - [2026-02-19T12:56:16.065+0000] {dag.py:3722} INFO - Setting next_dagrun for weather_etl_v1 to 2026-02-19T12:00:00+00:00, run_after=2026-02-19T13:00:00+00:00
[2026-02-19T12:56:16.099+0000] {processor.py:179} INFO - Processing /opt/airflow/dags/weather_dag.py took 0.801 seconds
[2026-02-19T12:56:46.517+0000] {processor.py:157} INFO - Started process (PID=301) to work on /opt/airflow/dags/weather_dag.py
[2026-02-19T12:56:46.520+0000] {processor.py:829} INFO - Processing file /opt/airflow/dags/weather_dag.py for tasks to queue
[2026-02-19T12:56:46.522+0000] {logging_mixin.py:154} INFO - [2026-02-19T12:56:46.522+0000] {dagbag.py:536} INFO - Filling up the DagBag from /opt/airflow/dags/weather_dag.py
[2026-02-19T12:56:47.176+0000] {processor.py:839} INFO - DAG(s) dict_keys(['weather_etl_v1']) retrieved from /opt/airflow/dags/weather_dag.py
[2026-02-19T12:56:47.206+0000] {logging_mixin.py:154} INFO - [2026-02-19T12:56:47.206+0000] {dag.py:2941} INFO - Sync 1 DAGs
[2026-02-19T12:56:47.246+0000] {logging_mixin.py:154} INFO - [2026-02-19T12:56:47.246+0000] {dag.py:3722} INFO - Setting next_dagrun for weather_etl_v1 to 2026-02-19T12:00:00+00:00, run_after=2026-02-19T13:00:00+00:00
[2026-02-19T12:56:47.278+0000] {processor.py:179} INFO - Processing /opt/airflow/dags/weather_dag.py took 0.765 seconds
[2026-02-19T12:57:17.848+0000] {processor.py:157} INFO - Started process (PID=307) to work on /opt/airflow/dags/weather_dag.py
[2026-02-19T12:57:17.850+0000] {processor.py:829} INFO - Processing file /opt/airflow/dags/weather_dag.py for tasks to queue
[2026-02-19T12:57:17.852+0000] {logging_mixin.py:154} INFO - [2026-02-19T12:57:17.852+0000] {dagbag.py:536} INFO - Filling up the DagBag from /opt/airflow/dags/weather_dag.py
[2026-02-19T12:57:18.598+0000] {processor.py:839} INFO - DAG(s) dict_keys(['weather_etl_v1']) retrieved from /opt/airflow/dags/weather_dag.py
[2026-02-19T12:57:18.656+0000] {logging_mixin.py:154} INFO - [2026-02-19T12:57:18.654+0000] {dag.py:2941} INFO - Sync 1 DAGs
[2026-02-19T12:57:18.986+0000] {logging_mixin.py:154} INFO - [2026-02-19T12:57:18.985+0000] {dag.py:3722} INFO - Setting next_dagrun for weather_etl_v1 to 2026-02-19T12:00:00+00:00, run_after=2026-02-19T13:00:00+00:00
[2026-02-19T12:57:19.049+0000] {processor.py:179} INFO - Processing /opt/airflow/dags/weather_dag.py took 1.209 seconds
[2026-02-19T12:57:49.578+0000] {processor.py:157} INFO - Started process (PID=313) to work on /opt/airflow/dags/weather_dag.py
[2026-02-19T12:57:49.580+0000] {processor.py:829} INFO - Processing file /opt/airflow/dags/weather_dag.py for tasks to queue
[2026-02-19T12:57:49.582+0000] {logging_mixin.py:154} INFO - [2026-02-19T12:57:49.581+0000] {dagbag.py:536} INFO - Filling up the DagBag from /opt/airflow/dags/weather_dag.py
[2026-02-19T12:57:50.103+0000] {processor.py:839} INFO - DAG(s) dict_keys(['weather_etl_v1']) retrieved from /opt/airflow/dags/weather_dag.py
[2026-02-19T12:57:50.304+0000] {logging_mixin.py:154} INFO - [2026-02-19T12:57:50.303+0000] {dag.py:2941} INFO - Sync 1 DAGs
[2026-02-19T12:57:50.343+0000] {logging_mixin.py:154} INFO - [2026-02-19T12:57:50.343+0000] {dag.py:3722} INFO - Setting next_dagrun for weather_etl_v1 to 2026-02-19T12:00:00+00:00, run_after=2026-02-19T13:00:00+00:00
[2026-02-19T12:57:50.384+0000] {processor.py:179} INFO - Processing /opt/airflow/dags/weather_dag.py took 0.810 seconds
[2026-02-19T12:58:21.239+0000] {processor.py:157} INFO - Started process (PID=319) to work on /opt/airflow/dags/weather_dag.py
[2026-02-19T12:58:21.244+0000] {processor.py:829} INFO - Processing file /opt/airflow/dags/weather_dag.py for tasks to queue
[2026-02-19T12:58:21.246+0000] {logging_mixin.py:154} INFO - [2026-02-19T12:58:21.245+0000] {dagbag.py:536} INFO - Filling up the DagBag from /opt/airflow/dags/weather_dag.py
[2026-02-19T12:58:21.973+0000] {processor.py:839} INFO - DAG(s) dict_keys(['weather_etl_v1']) retrieved from /opt/airflow/dags/weather_dag.py
[2026-02-19T12:58:22.005+0000] {logging_mixin.py:154} INFO - [2026-02-19T12:58:22.004+0000] {dag.py:2941} INFO - Sync 1 DAGs
[2026-02-19T12:58:22.040+0000] {logging_mixin.py:154} INFO - [2026-02-19T12:58:22.040+0000] {dag.py:3722} INFO - Setting next_dagrun for weather_etl_v1 to 2026-02-19T12:00:00+00:00, run_after=2026-02-19T13:00:00+00:00
[2026-02-19T12:58:22.069+0000] {processor.py:179} INFO - Processing /opt/airflow/dags/weather_dag.py took 0.836 seconds
[2026-02-19T12:58:52.789+0000] {processor.py:157} INFO - Started process (PID=325) to work on /opt/airflow/dags/weather_dag.py
[2026-02-19T12:58:52.792+0000] {processor.py:829} INFO - Processing file /opt/airflow/dags/weather_dag.py for tasks to queue
[2026-02-19T12:58:52.793+0000] {logging_mixin.py:154} INFO - [2026-02-19T12:58:52.793+0000] {dagbag.py:536} INFO - Filling up the DagBag from /opt/airflow/dags/weather_dag.py
[2026-02-19T12:58:53.495+0000] {processor.py:839} INFO - DAG(s) dict_keys(['weather_etl_v1']) retrieved from /opt/airflow/dags/weather_dag.py
[2026-02-19T12:58:53.533+0000] {logging_mixin.py:154} INFO - [2026-02-19T12:58:53.532+0000] {dag.py:2941} INFO - Sync 1 DAGs
[2026-02-19T12:58:53.577+0000] {logging_mixin.py:154} INFO - [2026-02-19T12:58:53.576+0000] {dag.py:3722} INFO - Setting next_dagrun for weather_etl_v1 to 2026-02-19T12:00:00+00:00, run_after=2026-02-19T13:00:00+00:00
[2026-02-19T12:58:53.623+0000] {processor.py:179} INFO - Processing /opt/airflow/dags/weather_dag.py took 0.840 seconds
[2026-02-19T12:59:24.312+0000] {processor.py:157} INFO - Started process (PID=331) to work on /opt/airflow/dags/weather_dag.py
[2026-02-19T12:59:24.314+0000] {processor.py:829} INFO - Processing file /opt/airflow/dags/weather_dag.py for tasks to queue
[2026-02-19T12:59:24.315+0000] {logging_mixin.py:154} INFO - [2026-02-19T12:59:24.315+0000] {dagbag.py:536} INFO - Filling up the DagBag from /opt/airflow/dags/weather_dag.py
[2026-02-19T12:59:24.995+0000] {processor.py:839} INFO - DAG(s) dict_keys(['weather_etl_v1']) retrieved from /opt/airflow/dags/weather_dag.py
[2026-02-19T12:59:25.026+0000] {logging_mixin.py:154} INFO - [2026-02-19T12:59:25.025+0000] {dag.py:2941} INFO - Sync 1 DAGs
[2026-02-19T12:59:25.059+0000] {logging_mixin.py:154} INFO - [2026-02-19T12:59:25.058+0000] {dag.py:3722} INFO - Setting next_dagrun for weather_etl_v1 to 2026-02-19T12:00:00+00:00, run_after=2026-02-19T13:00:00+00:00
[2026-02-19T12:59:25.092+0000] {processor.py:179} INFO - Processing /opt/airflow/dags/weather_dag.py took 0.786 seconds
[2026-02-19T12:59:55.284+0000] {processor.py:157} INFO - Started process (PID=337) to work on /opt/airflow/dags/weather_dag.py
[2026-02-19T12:59:55.286+0000] {processor.py:829} INFO - Processing file /opt/airflow/dags/weather_dag.py for tasks to queue
[2026-02-19T12:59:55.289+0000] {logging_mixin.py:154} INFO - [2026-02-19T12:59:55.288+0000] {dagbag.py:536} INFO - Filling up the DagBag from /opt/airflow/dags/weather_dag.py
[2026-02-19T12:59:55.946+0000] {processor.py:839} INFO - DAG(s) dict_keys(['weather_etl_v1']) retrieved from /opt/airflow/dags/weather_dag.py
[2026-02-19T12:59:55.985+0000] {logging_mixin.py:154} INFO - [2026-02-19T12:59:55.984+0000] {dag.py:2941} INFO - Sync 1 DAGs
[2026-02-19T12:59:56.021+0000] {logging_mixin.py:154} INFO - [2026-02-19T12:59:56.021+0000] {dag.py:3722} INFO - Setting next_dagrun for weather_etl_v1 to 2026-02-19T12:00:00+00:00, run_after=2026-02-19T13:00:00+00:00
[2026-02-19T12:59:56.055+0000] {processor.py:179} INFO - Processing /opt/airflow/dags/weather_dag.py took 0.776 seconds
[2026-02-19T13:00:26.374+0000] {processor.py:157} INFO - Started process (PID=346) to work on /opt/airflow/dags/weather_dag.py
[2026-02-19T13:00:26.375+0000] {processor.py:829} INFO - Processing file /opt/airflow/dags/weather_dag.py for tasks to queue
[2026-02-19T13:00:26.377+0000] {logging_mixin.py:154} INFO - [2026-02-19T13:00:26.377+0000] {dagbag.py:536} INFO - Filling up the DagBag from /opt/airflow/dags/weather_dag.py
[2026-02-19T13:00:26.840+0000] {processor.py:839} INFO - DAG(s) dict_keys(['weather_etl_v1']) retrieved from /opt/airflow/dags/weather_dag.py
[2026-02-19T13:00:26.876+0000] {logging_mixin.py:154} INFO - [2026-02-19T13:00:26.876+0000] {dag.py:2941} INFO - Sync 1 DAGs
[2026-02-19T13:00:27.100+0000] {logging_mixin.py:154} INFO - [2026-02-19T13:00:27.099+0000] {dag.py:3722} INFO - Setting next_dagrun for weather_etl_v1 to 2026-02-19T13:00:00+00:00, run_after=2026-02-19T14:00:00+00:00
[2026-02-19T13:00:27.135+0000] {processor.py:179} INFO - Processing /opt/airflow/dags/weather_dag.py took 0.767 seconds
[2026-02-19T13:00:57.463+0000] {processor.py:157} INFO - Started process (PID=352) to work on /opt/airflow/dags/weather_dag.py
[2026-02-19T13:00:57.465+0000] {processor.py:829} INFO - Processing file /opt/airflow/dags/weather_dag.py for tasks to queue
[2026-02-19T13:00:57.466+0000] {logging_mixin.py:154} INFO - [2026-02-19T13:00:57.466+0000] {dagbag.py:536} INFO - Filling up the DagBag from /opt/airflow/dags/weather_dag.py
[2026-02-19T13:00:58.042+0000] {processor.py:839} INFO - DAG(s) dict_keys(['weather_etl_v1']) retrieved from /opt/airflow/dags/weather_dag.py
[2026-02-19T13:00:58.294+0000] {logging_mixin.py:154} INFO - [2026-02-19T13:00:58.293+0000] {dag.py:2941} INFO - Sync 1 DAGs
[2026-02-19T13:00:58.338+0000] {logging_mixin.py:154} INFO - [2026-02-19T13:00:58.338+0000] {dag.py:3722} INFO - Setting next_dagrun for weather_etl_v1 to 2026-02-19T13:00:00+00:00, run_after=2026-02-19T14:00:00+00:00
[2026-02-19T13:00:58.396+0000] {processor.py:179} INFO - Processing /opt/airflow/dags/weather_dag.py took 0.938 seconds
[2026-02-19T13:01:28.561+0000] {processor.py:157} INFO - Started process (PID=364) to work on /opt/airflow/dags/weather_dag.py
[2026-02-19T13:01:28.563+0000] {processor.py:829} INFO - Processing file /opt/airflow/dags/weather_dag.py for tasks to queue
[2026-02-19T13:01:28.566+0000] {logging_mixin.py:154} INFO - [2026-02-19T13:01:28.565+0000] {dagbag.py:536} INFO - Filling up the DagBag from /opt/airflow/dags/weather_dag.py
[2026-02-19T13:01:29.260+0000] {processor.py:839} INFO - DAG(s) dict_keys(['weather_etl_v1']) retrieved from /opt/airflow/dags/weather_dag.py
[2026-02-19T13:01:29.289+0000] {logging_mixin.py:154} INFO - [2026-02-19T13:01:29.288+0000] {dag.py:2941} INFO - Sync 1 DAGs
[2026-02-19T13:01:29.323+0000] {logging_mixin.py:154} INFO - [2026-02-19T13:01:29.322+0000] {dag.py:3722} INFO - Setting next_dagrun for weather_etl_v1 to 2026-02-19T13:00:00+00:00, run_after=2026-02-19T14:00:00+00:00
[2026-02-19T13:01:29.354+0000] {processor.py:179} INFO - Processing /opt/airflow/dags/weather_dag.py took 0.798 seconds
[2026-02-19T13:02:00.923+0000] {processor.py:157} INFO - Started process (PID=370) to work on /opt/airflow/dags/weather_dag.py
[2026-02-19T13:02:00.927+0000] {processor.py:829} INFO - Processing file /opt/airflow/dags/weather_dag.py for tasks to queue
[2026-02-19T13:02:00.929+0000] {logging_mixin.py:154} INFO - [2026-02-19T13:02:00.928+0000] {dagbag.py:536} INFO - Filling up the DagBag from /opt/airflow/dags/weather_dag.py
[2026-02-19T13:02:01.939+0000] {processor.py:839} INFO - DAG(s) dict_keys(['weather_etl_v1']) retrieved from /opt/airflow/dags/weather_dag.py
[2026-02-19T13:02:01.983+0000] {logging_mixin.py:154} INFO - [2026-02-19T13:02:01.982+0000] {dag.py:2941} INFO - Sync 1 DAGs
[2026-02-19T13:02:02.029+0000] {logging_mixin.py:154} INFO - [2026-02-19T13:02:02.029+0000] {dag.py:3722} INFO - Setting next_dagrun for weather_etl_v1 to 2026-02-19T13:00:00+00:00, run_after=2026-02-19T14:00:00+00:00
[2026-02-19T13:02:02.066+0000] {processor.py:179} INFO - Processing /opt/airflow/dags/weather_dag.py took 1.174 seconds
[2026-02-19T13:02:33.667+0000] {processor.py:157} INFO - Started process (PID=376) to work on /opt/airflow/dags/weather_dag.py
[2026-02-19T13:02:33.672+0000] {processor.py:829} INFO - Processing file /opt/airflow/dags/weather_dag.py for tasks to queue
[2026-02-19T13:02:33.676+0000] {logging_mixin.py:154} INFO - [2026-02-19T13:02:33.675+0000] {dagbag.py:536} INFO - Filling up the DagBag from /opt/airflow/dags/weather_dag.py
[2026-02-19T13:02:34.632+0000] {processor.py:839} INFO - DAG(s) dict_keys(['weather_etl_v1']) retrieved from /opt/airflow/dags/weather_dag.py
[2026-02-19T13:02:34.669+0000] {logging_mixin.py:154} INFO - [2026-02-19T13:02:34.669+0000] {dag.py:2941} INFO - Sync 1 DAGs
[2026-02-19T13:02:34.708+0000] {logging_mixin.py:154} INFO - [2026-02-19T13:02:34.708+0000] {dag.py:3722} INFO - Setting next_dagrun for weather_etl_v1 to 2026-02-19T13:00:00+00:00, run_after=2026-02-19T14:00:00+00:00
[2026-02-19T13:02:34.752+0000] {processor.py:179} INFO - Processing /opt/airflow/dags/weather_dag.py took 1.092 seconds
[2026-02-19T13:03:07.511+0000] {processor.py:157} INFO - Started process (PID=382) to work on /opt/airflow/dags/weather_dag.py
[2026-02-19T13:03:07.513+0000] {processor.py:829} INFO - Processing file /opt/airflow/dags/weather_dag.py for tasks to queue
[2026-02-19T13:03:07.515+0000] {logging_mixin.py:154} INFO - [2026-02-19T13:03:07.515+0000] {dagbag.py:536} INFO - Filling up the DagBag from /opt/airflow/dags/weather_dag.py
[2026-02-19T13:03:08.373+0000] {processor.py:839} INFO - DAG(s) dict_keys(['weather_etl_v1']) retrieved from /opt/airflow/dags/weather_dag.py
[2026-02-19T13:03:08.411+0000] {logging_mixin.py:154} INFO - [2026-02-19T13:03:08.410+0000] {dag.py:2941} INFO - Sync 1 DAGs
[2026-02-19T13:03:08.452+0000] {logging_mixin.py:154} INFO - [2026-02-19T13:03:08.451+0000] {dag.py:3722} INFO - Setting next_dagrun for weather_etl_v1 to 2026-02-19T13:00:00+00:00, run_after=2026-02-19T14:00:00+00:00
[2026-02-19T13:03:08.493+0000] {processor.py:179} INFO - Processing /opt/airflow/dags/weather_dag.py took 0.987 seconds
[2026-02-19T13:03:41.427+0000] {processor.py:157} INFO - Started process (PID=388) to work on /opt/airflow/dags/weather_dag.py
[2026-02-19T13:03:41.429+0000] {processor.py:829} INFO - Processing file /opt/airflow/dags/weather_dag.py for tasks to queue
[2026-02-19T13:03:41.431+0000] {logging_mixin.py:154} INFO - [2026-02-19T13:03:41.430+0000] {dagbag.py:536} INFO - Filling up the DagBag from /opt/airflow/dags/weather_dag.py
[2026-02-19T13:03:41.988+0000] {processor.py:839} INFO - DAG(s) dict_keys(['weather_etl_v1']) retrieved from /opt/airflow/dags/weather_dag.py
[2026-02-19T13:03:42.032+0000] {logging_mixin.py:154} INFO - [2026-02-19T13:03:42.032+0000] {dag.py:2941} INFO - Sync 1 DAGs
[2026-02-19T13:03:42.267+0000] {logging_mixin.py:154} INFO - [2026-02-19T13:03:42.267+0000] {dag.py:3722} INFO - Setting next_dagrun for weather_etl_v1 to 2026-02-19T13:00:00+00:00, run_after=2026-02-19T14:00:00+00:00
[2026-02-19T13:03:42.315+0000] {processor.py:179} INFO - Processing /opt/airflow/dags/weather_dag.py took 0.893 seconds
[2026-02-19T13:04:14.044+0000] {processor.py:157} INFO - Started process (PID=394) to work on /opt/airflow/dags/weather_dag.py
[2026-02-19T13:04:14.046+0000] {processor.py:829} INFO - Processing file /opt/airflow/dags/weather_dag.py for tasks to queue
[2026-02-19T13:04:14.048+0000] {logging_mixin.py:154} INFO - [2026-02-19T13:04:14.047+0000] {dagbag.py:536} INFO - Filling up the DagBag from /opt/airflow/dags/weather_dag.py
[2026-02-19T13:04:14.517+0000] {processor.py:839} INFO - DAG(s) dict_keys(['weather_etl_v1']) retrieved from /opt/airflow/dags/weather_dag.py
[2026-02-19T13:04:14.724+0000] {logging_mixin.py:154} INFO - [2026-02-19T13:04:14.723+0000] {dag.py:2941} INFO - Sync 1 DAGs
[2026-02-19T13:04:14.756+0000] {logging_mixin.py:154} INFO - [2026-02-19T13:04:14.756+0000] {dag.py:3722} INFO - Setting next_dagrun for weather_etl_v1 to 2026-02-19T13:00:00+00:00, run_after=2026-02-19T14:00:00+00:00
[2026-02-19T13:04:14.791+0000] {processor.py:179} INFO - Processing /opt/airflow/dags/weather_dag.py took 0.751 seconds
[2026-02-19T13:04:47.512+0000] {processor.py:157} INFO - Started process (PID=400) to work on /opt/airflow/dags/weather_dag.py
[2026-02-19T13:04:47.513+0000] {processor.py:829} INFO - Processing file /opt/airflow/dags/weather_dag.py for tasks to queue
[2026-02-19T13:04:47.515+0000] {logging_mixin.py:154} INFO - [2026-02-19T13:04:47.514+0000] {dagbag.py:536} INFO - Filling up the DagBag from /opt/airflow/dags/weather_dag.py
[2026-02-19T13:04:48.160+0000] {processor.py:839} INFO - DAG(s) dict_keys(['weather_etl_v1']) retrieved from /opt/airflow/dags/weather_dag.py
[2026-02-19T13:04:48.191+0000] {logging_mixin.py:154} INFO - [2026-02-19T13:04:48.190+0000] {dag.py:2941} INFO - Sync 1 DAGs
[2026-02-19T13:04:48.224+0000] {logging_mixin.py:154} INFO - [2026-02-19T13:04:48.223+0000] {dag.py:3722} INFO - Setting next_dagrun for weather_etl_v1 to 2026-02-19T13:00:00+00:00, run_after=2026-02-19T14:00:00+00:00
[2026-02-19T13:04:48.250+0000] {processor.py:179} INFO - Processing /opt/airflow/dags/weather_dag.py took 0.743 seconds
[2026-02-19T13:05:20.485+0000] {processor.py:157} INFO - Started process (PID=409) to work on /opt/airflow/dags/weather_dag.py
[2026-02-19T13:05:20.495+0000] {processor.py:829} INFO - Processing file /opt/airflow/dags/weather_dag.py for tasks to queue
[2026-02-19T13:05:20.503+0000] {logging_mixin.py:154} INFO - [2026-02-19T13:05:20.503+0000] {dagbag.py:536} INFO - Filling up the DagBag from /opt/airflow/dags/weather_dag.py
[2026-02-19T13:05:21.943+0000] {processor.py:839} INFO - DAG(s) dict_keys(['weather_etl_v1']) retrieved from /opt/airflow/dags/weather_dag.py
[2026-02-19T13:05:22.028+0000] {logging_mixin.py:154} INFO - [2026-02-19T13:05:22.020+0000] {dag.py:2941} INFO - Sync 1 DAGs
[2026-02-19T13:05:22.081+0000] {logging_mixin.py:154} INFO - [2026-02-19T13:05:22.081+0000] {dag.py:3722} INFO - Setting next_dagrun for weather_etl_v1 to 2026-02-19T13:00:00+00:00, run_after=2026-02-19T14:00:00+00:00
[2026-02-19T13:05:22.133+0000] {processor.py:179} INFO - Processing /opt/airflow/dags/weather_dag.py took 1.655 seconds
[2026-02-19T13:05:52.926+0000] {processor.py:157} INFO - Started process (PID=415) to work on /opt/airflow/dags/weather_dag.py
[2026-02-19T13:05:52.929+0000] {processor.py:829} INFO - Processing file /opt/airflow/dags/weather_dag.py for tasks to queue
[2026-02-19T13:05:52.932+0000] {logging_mixin.py:154} INFO - [2026-02-19T13:05:52.931+0000] {dagbag.py:536} INFO - Filling up the DagBag from /opt/airflow/dags/weather_dag.py
[2026-02-19T13:05:53.734+0000] {processor.py:839} INFO - DAG(s) dict_keys(['weather_etl_v1']) retrieved from /opt/airflow/dags/weather_dag.py
[2026-02-19T13:05:53.769+0000] {logging_mixin.py:154} INFO - [2026-02-19T13:05:53.769+0000] {dag.py:2941} INFO - Sync 1 DAGs
[2026-02-19T13:05:53.802+0000] {logging_mixin.py:154} INFO - [2026-02-19T13:05:53.802+0000] {dag.py:3722} INFO - Setting next_dagrun for weather_etl_v1 to 2026-02-19T13:00:00+00:00, run_after=2026-02-19T14:00:00+00:00
[2026-02-19T13:05:53.840+0000] {processor.py:179} INFO - Processing /opt/airflow/dags/weather_dag.py took 0.919 seconds
[2026-02-19T13:06:24.669+0000] {processor.py:157} INFO - Started process (PID=421) to work on /opt/airflow/dags/weather_dag.py
[2026-02-19T13:06:24.671+0000] {processor.py:829} INFO - Processing file /opt/airflow/dags/weather_dag.py for tasks to queue
[2026-02-19T13:06:24.673+0000] {logging_mixin.py:154} INFO - [2026-02-19T13:06:24.673+0000] {dagbag.py:536} INFO - Filling up the DagBag from /opt/airflow/dags/weather_dag.py
[2026-02-19T13:06:27.010+0000] {processor.py:839} INFO - DAG(s) dict_keys(['weather_etl_v1']) retrieved from /opt/airflow/dags/weather_dag.py
[2026-02-19T13:06:27.050+0000] {logging_mixin.py:154} INFO - [2026-02-19T13:06:27.049+0000] {dag.py:2941} INFO - Sync 1 DAGs
[2026-02-19T13:06:27.090+0000] {logging_mixin.py:154} INFO - [2026-02-19T13:06:27.090+0000] {dag.py:3722} INFO - Setting next_dagrun for weather_etl_v1 to 2026-02-19T13:00:00+00:00, run_after=2026-02-19T14:00:00+00:00
[2026-02-19T13:06:27.135+0000] {processor.py:179} INFO - Processing /opt/airflow/dags/weather_dag.py took 0.824 seconds
[2026-02-19T13:07:01.050+0000] {processor.py:157} INFO - Started process (PID=427) to work on /opt/airflow/dags/weather_dag.py
[2026-02-19T13:07:01.055+0000] {processor.py:829} INFO - Processing file /opt/airflow/dags/weather_dag.py for tasks to queue
[2026-02-19T13:07:01.066+0000] {logging_mixin.py:154} INFO - [2026-02-19T13:07:01.065+0000] {dagbag.py:536} INFO - Filling up the DagBag from /opt/airflow/dags/weather_dag.py
[2026-02-19T13:07:02.107+0000] {processor.py:839} INFO - DAG(s) dict_keys(['weather_etl_v1']) retrieved from /opt/airflow/dags/weather_dag.py
[2026-02-19T13:07:02.141+0000] {logging_mixin.py:154} INFO - [2026-02-19T13:07:02.140+0000] {dag.py:2941} INFO - Sync 1 DAGs
[2026-02-19T13:07:02.182+0000] {logging_mixin.py:154} INFO - [2026-02-19T13:07:02.182+0000] {dag.py:3722} INFO - Setting next_dagrun for weather_etl_v1 to 2026-02-19T13:00:00+00:00, run_after=2026-02-19T14:00:00+00:00
[2026-02-19T13:07:02.229+0000] {processor.py:179} INFO - Processing /opt/airflow/dags/weather_dag.py took 1.189 seconds
[2026-02-19T13:07:33.802+0000] {processor.py:157} INFO - Started process (PID=433) to work on /opt/airflow/dags/weather_dag.py
[2026-02-19T13:07:33.804+0000] {processor.py:829} INFO - Processing file /opt/airflow/dags/weather_dag.py for tasks to queue
[2026-02-19T13:07:33.807+0000] {logging_mixin.py:154} INFO - [2026-02-19T13:07:33.806+0000] {dagbag.py:536} INFO - Filling up the DagBag from /opt/airflow/dags/weather_dag.py
[2026-02-19T13:07:34.362+0000] {processor.py:839} INFO - DAG(s) dict_keys(['weather_etl_v1']) retrieved from /opt/airflow/dags/weather_dag.py
[2026-02-19T13:07:34.579+0000] {logging_mixin.py:154} INFO - [2026-02-19T13:07:34.578+0000] {dag.py:2941} INFO - Sync 1 DAGs
[2026-02-19T13:07:34.618+0000] {logging_mixin.py:154} INFO - [2026-02-19T13:07:34.617+0000] {dag.py:3722} INFO - Setting next_dagrun for weather_etl_v1 to 2026-02-19T13:00:00+00:00, run_after=2026-02-19T14:00:00+00:00
[2026-02-19T13:07:34.654+0000] {processor.py:179} INFO - Processing /opt/airflow/dags/weather_dag.py took 0.858 seconds
[2026-02-19T13:08:07.439+0000] {processor.py:157} INFO - Started process (PID=439) to work on /opt/airflow/dags/weather_dag.py
[2026-02-19T13:08:07.442+0000] {processor.py:829} INFO - Processing file /opt/airflow/dags/weather_dag.py for tasks to queue
[2026-02-19T13:08:07.444+0000] {logging_mixin.py:154} INFO - [2026-02-19T13:08:07.443+0000] {dagbag.py:536} INFO - Filling up the DagBag from /opt/airflow/dags/weather_dag.py
[2026-02-19T13:08:08.187+0000] {processor.py:839} INFO - DAG(s) dict_keys(['weather_etl_v1']) retrieved from /opt/airflow/dags/weather_dag.py
[2026-02-19T13:08:08.225+0000] {logging_mixin.py:154} INFO - [2026-02-19T13:08:08.224+0000] {dag.py:2941} INFO - Sync 1 DAGs
[2026-02-19T13:08:08.270+0000] {logging_mixin.py:154} INFO - [2026-02-19T13:08:08.270+0000] {dag.py:3722} INFO - Setting next_dagrun for weather_etl_v1 to 2026-02-19T13:00:00+00:00, run_after=2026-02-19T14:00:00+00:00
[2026-02-19T13:08:08.308+0000] {processor.py:179} INFO - Processing /opt/airflow/dags/weather_dag.py took 0.874 seconds
[2026-02-19T13:08:41.332+0000] {processor.py:157} INFO - Started process (PID=445) to work on /opt/airflow/dags/weather_dag.py
[2026-02-19T13:08:41.335+0000] {processor.py:829} INFO - Processing file /opt/airflow/dags/weather_dag.py for tasks to queue
[2026-02-19T13:08:41.344+0000] {logging_mixin.py:154} INFO - [2026-02-19T13:08:41.341+0000] {dagbag.py:536} INFO - Filling up the DagBag from /opt/airflow/dags/weather_dag.py
[2026-02-19T13:08:42.214+0000] {processor.py:839} INFO - DAG(s) dict_keys(['weather_etl_v1']) retrieved from /opt/airflow/dags/weather_dag.py
[2026-02-19T13:08:42.265+0000] {logging_mixin.py:154} INFO - [2026-02-19T13:08:42.264+0000] {dag.py:2941} INFO - Sync 1 DAGs
[2026-02-19T13:08:42.310+0000] {logging_mixin.py:154} INFO - [2026-02-19T13:08:42.309+0000] {dag.py:3722} INFO - Setting next_dagrun for weather_etl_v1 to 2026-02-19T13:00:00+00:00, run_after=2026-02-19T14:00:00+00:00
[2026-02-19T13:08:42.356+0000] {processor.py:179} INFO - Processing /opt/airflow/dags/weather_dag.py took 1.029 seconds
[2026-02-19T13:09:13.945+0000] {processor.py:157} INFO - Started process (PID=451) to work on /opt/airflow/dags/weather_dag.py
[2026-02-19T13:09:13.948+0000] {processor.py:829} INFO - Processing file /opt/airflow/dags/weather_dag.py for tasks to queue
[2026-02-19T13:09:13.950+0000] {logging_mixin.py:154} INFO - [2026-02-19T13:09:13.949+0000] {dagbag.py:536} INFO - Filling up the DagBag from /opt/airflow/dags/weather_dag.py
[2026-02-19T13:09:14.654+0000] {processor.py:839} INFO - DAG(s) dict_keys(['weather_etl_v1']) retrieved from /opt/airflow/dags/weather_dag.py
[2026-02-19T13:09:14.691+0000] {logging_mixin.py:154} INFO - [2026-02-19T13:09:14.690+0000] {dag.py:2941} INFO - Sync 1 DAGs
[2026-02-19T13:09:14.729+0000] {logging_mixin.py:154} INFO - [2026-02-19T13:09:14.729+0000] {dag.py:3722} INFO - Setting next_dagrun for weather_etl_v1 to 2026-02-19T13:00:00+00:00, run_after=2026-02-19T14:00:00+00:00
[2026-02-19T13:09:14.767+0000] {processor.py:179} INFO - Processing /opt/airflow/dags/weather_dag.py took 0.828 seconds
[2026-02-19T13:09:47.612+0000] {processor.py:157} INFO - Started process (PID=457) to work on /opt/airflow/dags/weather_dag.py
[2026-02-19T13:09:47.614+0000] {processor.py:829} INFO - Processing file /opt/airflow/dags/weather_dag.py for tasks to queue
[2026-02-19T13:09:47.615+0000] {logging_mixin.py:154} INFO - [2026-02-19T13:09:47.615+0000] {dagbag.py:536} INFO - Filling up the DagBag from /opt/airflow/dags/weather_dag.py
[2026-02-19T13:09:48.238+0000] {processor.py:839} INFO - DAG(s) dict_keys(['weather_etl_v1']) retrieved from /opt/airflow/dags/weather_dag.py
[2026-02-19T13:09:48.266+0000] {logging_mixin.py:154} INFO - [2026-02-19T13:09:48.265+0000] {dag.py:2941} INFO - Sync 1 DAGs
[2026-02-19T13:09:48.297+0000] {logging_mixin.py:154} INFO - [2026-02-19T13:09:48.296+0000] {dag.py:3722} INFO - Setting next_dagrun for weather_etl_v1 to 2026-02-19T13:00:00+00:00, run_after=2026-02-19T14:00:00+00:00
[2026-02-19T13:09:48.327+0000] {processor.py:179} INFO - Processing /opt/airflow/dags/weather_dag.py took 0.719 seconds
[2026-02-19T13:10:20.397+0000] {processor.py:157} INFO - Started process (PID=463) to work on /opt/airflow/dags/weather_dag.py
[2026-02-19T13:10:20.399+0000] {processor.py:829} INFO - Processing file /opt/airflow/dags/weather_dag.py for tasks to queue
[2026-02-19T13:10:20.401+0000] {logging_mixin.py:154} INFO - [2026-02-19T13:10:20.401+0000] {dagbag.py:536} INFO - Filling up the DagBag from /opt/airflow/dags/weather_dag.py
[2026-02-19T13:10:21.424+0000] {processor.py:839} INFO - DAG(s) dict_keys(['weather_etl_v1']) retrieved from /opt/airflow/dags/weather_dag.py
[2026-02-19T13:10:21.521+0000] {logging_mixin.py:154} INFO - [2026-02-19T13:10:21.520+0000] {dag.py:2941} INFO - Sync 1 DAGs
[2026-02-19T13:10:21.607+0000] {logging_mixin.py:154} INFO - [2026-02-19T13:10:21.606+0000] {dag.py:3722} INFO - Setting next_dagrun for weather_etl_v1 to 2026-02-19T13:00:00+00:00, run_after=2026-02-19T14:00:00+00:00
[2026-02-19T13:10:21.691+0000] {processor.py:179} INFO - Processing /opt/airflow/dags/weather_dag.py took 1.299 seconds
[2026-02-19T13:10:54.087+0000] {processor.py:157} INFO - Started process (PID=469) to work on /opt/airflow/dags/weather_dag.py
[2026-02-19T13:10:54.090+0000] {processor.py:829} INFO - Processing file /opt/airflow/dags/weather_dag.py for tasks to queue
[2026-02-19T13:10:54.092+0000] {logging_mixin.py:154} INFO - [2026-02-19T13:10:54.092+0000] {dagbag.py:536} INFO - Filling up the DagBag from /opt/airflow/dags/weather_dag.py
[2026-02-19T13:10:54.595+0000] {processor.py:839} INFO - DAG(s) dict_keys(['weather_etl_v1']) retrieved from /opt/airflow/dags/weather_dag.py
[2026-02-19T13:10:54.804+0000] {logging_mixin.py:154} INFO - [2026-02-19T13:10:54.803+0000] {dag.py:2941} INFO - Sync 1 DAGs
[2026-02-19T13:10:54.850+0000] {logging_mixin.py:154} INFO - [2026-02-19T13:10:54.850+0000] {dag.py:3722} INFO - Setting next_dagrun for weather_etl_v1 to 2026-02-19T13:00:00+00:00, run_after=2026-02-19T14:00:00+00:00
[2026-02-19T13:10:54.884+0000] {processor.py:179} INFO - Processing /opt/airflow/dags/weather_dag.py took 0.801 seconds
[2026-02-19T13:11:27.168+0000] {processor.py:157} INFO - Started process (PID=475) to work on /opt/airflow/dags/weather_dag.py
[2026-02-19T13:11:27.170+0000] {processor.py:829} INFO - Processing file /opt/airflow/dags/weather_dag.py for tasks to queue
[2026-02-19T13:11:27.172+0000] {logging_mixin.py:154} INFO - [2026-02-19T13:11:27.171+0000] {dagbag.py:536} INFO - Filling up the DagBag from /opt/airflow/dags/weather_dag.py
[2026-02-19T13:11:27.889+0000] {processor.py:839} INFO - DAG(s) dict_keys(['weather_etl_v1']) retrieved from /opt/airflow/dags/weather_dag.py
[2026-02-19T13:11:27.922+0000] {logging_mixin.py:154} INFO - [2026-02-19T13:11:27.921+0000] {dag.py:2941} INFO - Sync 1 DAGs
[2026-02-19T13:11:27.956+0000] {logging_mixin.py:154} INFO - [2026-02-19T13:11:27.956+0000] {dag.py:3722} INFO - Setting next_dagrun for weather_etl_v1 to 2026-02-19T13:00:00+00:00, run_after=2026-02-19T14:00:00+00:00
[2026-02-19T13:11:27.990+0000] {processor.py:179} INFO - Processing /opt/airflow/dags/weather_dag.py took 0.828 seconds
[2026-02-19T13:12:00.694+0000] {processor.py:157} INFO - Started process (PID=481) to work on /opt/airflow/dags/weather_dag.py
[2026-02-19T13:12:00.700+0000] {processor.py:829} INFO - Processing file /opt/airflow/dags/weather_dag.py for tasks to queue
[2026-02-19T13:12:00.704+0000] {logging_mixin.py:154} INFO - [2026-02-19T13:12:00.703+0000] {dagbag.py:536} INFO - Filling up the DagBag from /opt/airflow/dags/weather_dag.py
[2026-02-19T13:12:01.827+0000] {processor.py:839} INFO - DAG(s) dict_keys(['weather_etl_v1']) retrieved from /opt/airflow/dags/weather_dag.py
[2026-02-19T13:12:01.863+0000] {logging_mixin.py:154} INFO - [2026-02-19T13:12:01.863+0000] {dag.py:2941} INFO - Sync 1 DAGs
[2026-02-19T13:12:01.898+0000] {logging_mixin.py:154} INFO - [2026-02-19T13:12:01.898+0000] {dag.py:3722} INFO - Setting next_dagrun for weather_etl_v1 to 2026-02-19T13:00:00+00:00, run_after=2026-02-19T14:00:00+00:00
[2026-02-19T13:12:01.934+0000] {processor.py:179} INFO - Processing /opt/airflow/dags/weather_dag.py took 1.246 seconds
[2026-02-19T13:12:33.762+0000] {processor.py:157} INFO - Started process (PID=487) to work on /opt/airflow/dags/weather_dag.py
[2026-02-19T13:12:33.765+0000] {processor.py:829} INFO - Processing file /opt/airflow/dags/weather_dag.py for tasks to queue
[2026-02-19T13:12:33.766+0000] {logging_mixin.py:154} INFO - [2026-02-19T13:12:33.766+0000] {dagbag.py:536} INFO - Filling up the DagBag from /opt/airflow/dags/weather_dag.py
[2026-02-19T13:12:34.529+0000] {processor.py:839} INFO - DAG(s) dict_keys(['weather_etl_v1']) retrieved from /opt/airflow/dags/weather_dag.py
[2026-02-19T13:12:34.561+0000] {logging_mixin.py:154} INFO - [2026-02-19T13:12:34.560+0000] {dag.py:2941} INFO - Sync 1 DAGs
[2026-02-19T13:12:34.597+0000] {logging_mixin.py:154} INFO - [2026-02-19T13:12:34.597+0000] {dag.py:3722} INFO - Setting next_dagrun for weather_etl_v1 to 2026-02-19T13:00:00+00:00, run_after=2026-02-19T14:00:00+00:00
[2026-02-19T13:12:34.635+0000] {processor.py:179} INFO - Processing /opt/airflow/dags/weather_dag.py took 0.879 seconds
[2026-02-19T13:13:07.177+0000] {processor.py:157} INFO - Started process (PID=493) to work on /opt/airflow/dags/weather_dag.py
[2026-02-19T13:13:07.179+0000] {processor.py:829} INFO - Processing file /opt/airflow/dags/weather_dag.py for tasks to queue
[2026-02-19T13:13:07.182+0000] {logging_mixin.py:154} INFO - [2026-02-19T13:13:07.182+0000] {dagbag.py:536} INFO - Filling up the DagBag from /opt/airflow/dags/weather_dag.py
[2026-02-19T13:13:07.966+0000] {processor.py:839} INFO - DAG(s) dict_keys(['weather_etl_v1']) retrieved from /opt/airflow/dags/weather_dag.py
[2026-02-19T13:13:07.996+0000] {logging_mixin.py:154} INFO - [2026-02-19T13:13:07.995+0000] {dag.py:2941} INFO - Sync 1 DAGs
[2026-02-19T13:13:08.048+0000] {logging_mixin.py:154} INFO - [2026-02-19T13:13:08.048+0000] {dag.py:3722} INFO - Setting next_dagrun for weather_etl_v1 to 2026-02-19T13:00:00+00:00, run_after=2026-02-19T14:00:00+00:00
[2026-02-19T13:13:08.086+0000] {processor.py:179} INFO - Processing /opt/airflow/dags/weather_dag.py took 0.915 seconds
[2026-02-19T13:13:40.813+0000] {processor.py:157} INFO - Started process (PID=499) to work on /opt/airflow/dags/weather_dag.py
[2026-02-19T13:13:40.815+0000] {processor.py:829} INFO - Processing file /opt/airflow/dags/weather_dag.py for tasks to queue
[2026-02-19T13:13:40.818+0000] {logging_mixin.py:154} INFO - [2026-02-19T13:13:40.817+0000] {dagbag.py:536} INFO - Filling up the DagBag from /opt/airflow/dags/weather_dag.py
[2026-02-19T13:13:41.758+0000] {processor.py:839} INFO - DAG(s) dict_keys(['weather_etl_v1']) retrieved from /opt/airflow/dags/weather_dag.py
[2026-02-19T13:13:41.799+0000] {logging_mixin.py:154} INFO - [2026-02-19T13:13:41.798+0000] {dag.py:2941} INFO - Sync 1 DAGs
[2026-02-19T13:13:41.836+0000] {logging_mixin.py:154} INFO - [2026-02-19T13:13:41.836+0000] {dag.py:3722} INFO - Setting next_dagrun for weather_etl_v1 to 2026-02-19T13:00:00+00:00, run_after=2026-02-19T14:00:00+00:00
[2026-02-19T13:13:41.872+0000] {processor.py:179} INFO - Processing /opt/airflow/dags/weather_dag.py took 1.065 seconds
[2026-02-19T13:14:14.507+0000] {processor.py:157} INFO - Started process (PID=505) to work on /opt/airflow/dags/weather_dag.py
[2026-02-19T13:14:14.509+0000] {processor.py:829} INFO - Processing file /opt/airflow/dags/weather_dag.py for tasks to queue
[2026-02-19T13:14:14.510+0000] {logging_mixin.py:154} INFO - [2026-02-19T13:14:14.510+0000] {dagbag.py:536} INFO - Filling up the DagBag from /opt/airflow/dags/weather_dag.py
[2026-02-19T13:14:15.182+0000] {processor.py:839} INFO - DAG(s) dict_keys(['weather_etl_v1']) retrieved from /opt/airflow/dags/weather_dag.py
[2026-02-19T13:14:15.214+0000] {logging_mixin.py:154} INFO - [2026-02-19T13:14:15.213+0000] {dag.py:2941} INFO - Sync 1 DAGs
[2026-02-19T13:14:15.244+0000] {logging_mixin.py:154} INFO - [2026-02-19T13:14:15.243+0000] {dag.py:3722} INFO - Setting next_dagrun for weather_etl_v1 to 2026-02-19T13:00:00+00:00, run_after=2026-02-19T14:00:00+00:00
[2026-02-19T13:14:15.274+0000] {processor.py:179} INFO - Processing /opt/airflow/dags/weather_dag.py took 0.772 seconds
[2026-02-19T13:14:47.197+0000] {processor.py:157} INFO - Started process (PID=511) to work on /opt/airflow/dags/weather_dag.py
[2026-02-19T13:14:47.200+0000] {processor.py:829} INFO - Processing file /opt/airflow/dags/weather_dag.py for tasks to queue
[2026-02-19T13:14:47.202+0000] {logging_mixin.py:154} INFO - [2026-02-19T13:14:47.201+0000] {dagbag.py:536} INFO - Filling up the DagBag from /opt/airflow/dags/weather_dag.py
[2026-02-19T13:14:47.788+0000] {processor.py:839} INFO - DAG(s) dict_keys(['weather_etl_v1']) retrieved from /opt/airflow/dags/weather_dag.py
[2026-02-19T13:14:47.830+0000] {logging_mixin.py:154} INFO - [2026-02-19T13:14:47.829+0000] {dag.py:2941} INFO - Sync 1 DAGs
[2026-02-19T13:14:47.859+0000] {logging_mixin.py:154} INFO - [2026-02-19T13:14:47.859+0000] {dag.py:3722} INFO - Setting next_dagrun for weather_etl_v1 to 2026-02-19T13:00:00+00:00, run_after=2026-02-19T14:00:00+00:00
[2026-02-19T13:14:47.886+0000] {processor.py:179} INFO - Processing /opt/airflow/dags/weather_dag.py took 0.694 seconds
[2026-02-19T13:15:20.556+0000] {processor.py:157} INFO - Started process (PID=517) to work on /opt/airflow/dags/weather_dag.py
[2026-02-19T13:15:20.558+0000] {processor.py:829} INFO - Processing file /opt/airflow/dags/weather_dag.py for tasks to queue
[2026-02-19T13:15:20.559+0000] {logging_mixin.py:154} INFO - [2026-02-19T13:15:20.559+0000] {dagbag.py:536} INFO - Filling up the DagBag from /opt/airflow/dags/weather_dag.py
[2026-02-19T13:15:21.320+0000] {processor.py:839} INFO - DAG(s) dict_keys(['weather_etl_v1']) retrieved from /opt/airflow/dags/weather_dag.py
[2026-02-19T13:15:21.363+0000] {logging_mixin.py:154} INFO - [2026-02-19T13:15:21.362+0000] {dag.py:2941} INFO - Sync 1 DAGs
[2026-02-19T13:15:21.403+0000] {logging_mixin.py:154} INFO - [2026-02-19T13:15:21.403+0000] {dag.py:3722} INFO - Setting next_dagrun for weather_etl_v1 to 2026-02-19T13:00:00+00:00, run_after=2026-02-19T14:00:00+00:00
[2026-02-19T13:15:21.449+0000] {processor.py:179} INFO - Processing /opt/airflow/dags/weather_dag.py took 0.898 seconds
[2026-02-19T13:15:54.193+0000] {processor.py:157} INFO - Started process (PID=523) to work on /opt/airflow/dags/weather_dag.py
[2026-02-19T13:15:54.196+0000] {processor.py:829} INFO - Processing file /opt/airflow/dags/weather_dag.py for tasks to queue
[2026-02-19T13:15:54.197+0000] {logging_mixin.py:154} INFO - [2026-02-19T13:15:54.197+0000] {dagbag.py:536} INFO - Filling up the DagBag from /opt/airflow/dags/weather_dag.py
[2026-02-19T13:15:54.878+0000] {processor.py:839} INFO - DAG(s) dict_keys(['weather_etl_v1']) retrieved from /opt/airflow/dags/weather_dag.py
[2026-02-19T13:15:54.924+0000] {logging_mixin.py:154} INFO - [2026-02-19T13:15:54.923+0000] {dag.py:2941} INFO - Sync 1 DAGs
[2026-02-19T13:15:54.965+0000] {logging_mixin.py:154} INFO - [2026-02-19T13:15:54.965+0000] {dag.py:3722} INFO - Setting next_dagrun for weather_etl_v1 to 2026-02-19T13:00:00+00:00, run_after=2026-02-19T14:00:00+00:00
[2026-02-19T13:15:55.005+0000] {processor.py:179} INFO - Processing /opt/airflow/dags/weather_dag.py took 0.816 seconds
[2026-02-19T13:16:27.095+0000] {processor.py:157} INFO - Started process (PID=529) to work on /opt/airflow/dags/weather_dag.py
[2026-02-19T13:16:27.096+0000] {processor.py:829} INFO - Processing file /opt/airflow/dags/weather_dag.py for tasks to queue
[2026-02-19T13:16:27.098+0000] {logging_mixin.py:154} INFO - [2026-02-19T13:16:27.097+0000] {dagbag.py:536} INFO - Filling up the DagBag from /opt/airflow/dags/weather_dag.py
[2026-02-19T13:16:27.843+0000] {processor.py:839} INFO - DAG(s) dict_keys(['weather_etl_v1']) retrieved from /opt/airflow/dags/weather_dag.py
[2026-02-19T13:16:27.925+0000] {logging_mixin.py:154} INFO - [2026-02-19T13:16:27.923+0000] {dag.py:2941} INFO - Sync 1 DAGs
[2026-02-19T13:16:27.962+0000] {logging_mixin.py:154} INFO - [2026-02-19T13:16:27.962+0000] {dag.py:3722} INFO - Setting next_dagrun for weather_etl_v1 to 2026-02-19T13:00:00+00:00, run_after=2026-02-19T14:00:00+00:00
[2026-02-19T13:16:27.995+0000] {processor.py:179} INFO - Processing /opt/airflow/dags/weather_dag.py took 0.905 seconds
[2026-02-19T13:17:00.707+0000] {processor.py:157} INFO - Started process (PID=535) to work on /opt/airflow/dags/weather_dag.py
[2026-02-19T13:17:00.709+0000] {processor.py:829} INFO - Processing file /opt/airflow/dags/weather_dag.py for tasks to queue
[2026-02-19T13:17:00.713+0000] {logging_mixin.py:154} INFO - [2026-02-19T13:17:00.712+0000] {dagbag.py:536} INFO - Filling up the DagBag from /opt/airflow/dags/weather_dag.py
[2026-02-19T13:17:02.020+0000] {processor.py:839} INFO - DAG(s) dict_keys(['weather_etl_v1']) retrieved from /opt/airflow/dags/weather_dag.py
[2026-02-19T13:17:02.066+0000] {logging_mixin.py:154} INFO - [2026-02-19T13:17:02.064+0000] {dag.py:2941} INFO - Sync 1 DAGs
[2026-02-19T13:17:02.112+0000] {logging_mixin.py:154} INFO - [2026-02-19T13:17:02.112+0000] {dag.py:3722} INFO - Setting next_dagrun for weather_etl_v1 to 2026-02-19T13:00:00+00:00, run_after=2026-02-19T14:00:00+00:00
[2026-02-19T13:17:02.169+0000] {processor.py:179} INFO - Processing /opt/airflow/dags/weather_dag.py took 1.468 seconds
[2026-02-19T13:17:13.866+0000] {processor.py:157} INFO - Started process (PID=541) to work on /opt/airflow/dags/weather_dag.py
[2026-02-19T13:17:13.868+0000] {processor.py:829} INFO - Processing file /opt/airflow/dags/weather_dag.py for tasks to queue
[2026-02-19T13:17:13.870+0000] {logging_mixin.py:154} INFO - [2026-02-19T13:17:13.870+0000] {dagbag.py:536} INFO - Filling up the DagBag from /opt/airflow/dags/weather_dag.py
[2026-02-19T13:17:13.955+0000] {logging_mixin.py:154} INFO - [2026-02-19T13:17:13.943+0000] {dagbag.py:346} ERROR - Failed to import: /opt/airflow/dags/weather_dag.py
Traceback (most recent call last):
  File "/home/airflow/.local/lib/python3.8/site-packages/airflow/models/dagbag.py", line 342, in parse
    loader.exec_module(new_module)
  File "<frozen importlib._bootstrap_external>", line 843, in exec_module
  File "<frozen importlib._bootstrap>", line 219, in _call_with_frames_removed
  File "/opt/airflow/dags/weather_dag.py", line 3, in <module>
    from airflow.providers.microsoft.mssql.hooks.mssql import MsSqlHook
ModuleNotFoundError: No module named 'airflow.providers.microsoft.mssql'
[2026-02-19T13:17:13.959+0000] {processor.py:841} WARNING - No viable dags retrieved from /opt/airflow/dags/weather_dag.py
[2026-02-19T13:17:13.989+0000] {processor.py:179} INFO - Processing /opt/airflow/dags/weather_dag.py took 0.128 seconds
[2026-02-19T13:17:44.481+0000] {processor.py:157} INFO - Started process (PID=546) to work on /opt/airflow/dags/weather_dag.py
[2026-02-19T13:17:44.483+0000] {processor.py:829} INFO - Processing file /opt/airflow/dags/weather_dag.py for tasks to queue
[2026-02-19T13:17:44.485+0000] {logging_mixin.py:154} INFO - [2026-02-19T13:17:44.485+0000] {dagbag.py:536} INFO - Filling up the DagBag from /opt/airflow/dags/weather_dag.py
[2026-02-19T13:17:44.542+0000] {logging_mixin.py:154} INFO - [2026-02-19T13:17:44.531+0000] {dagbag.py:346} ERROR - Failed to import: /opt/airflow/dags/weather_dag.py
Traceback (most recent call last):
  File "/home/airflow/.local/lib/python3.8/site-packages/airflow/models/dagbag.py", line 342, in parse
    loader.exec_module(new_module)
  File "<frozen importlib._bootstrap_external>", line 843, in exec_module
  File "<frozen importlib._bootstrap>", line 219, in _call_with_frames_removed
  File "/opt/airflow/dags/weather_dag.py", line 3, in <module>
    from airflow.providers.microsoft.mssql.hooks.mssql import MsSqlHook
ModuleNotFoundError: No module named 'airflow.providers.microsoft.mssql'
[2026-02-19T13:17:44.546+0000] {processor.py:841} WARNING - No viable dags retrieved from /opt/airflow/dags/weather_dag.py
[2026-02-19T13:17:44.583+0000] {processor.py:179} INFO - Processing /opt/airflow/dags/weather_dag.py took 0.108 seconds
[2026-02-19T13:27:09.621+0000] {processor.py:157} INFO - Started process (PID=164) to work on /opt/airflow/dags/weather_dag.py
[2026-02-19T13:27:09.624+0000] {processor.py:829} INFO - Processing file /opt/airflow/dags/weather_dag.py for tasks to queue
[2026-02-19T13:27:09.626+0000] {logging_mixin.py:154} INFO - [2026-02-19T13:27:09.625+0000] {dagbag.py:536} INFO - Filling up the DagBag from /opt/airflow/dags/weather_dag.py
[2026-02-19T13:27:09.682+0000] {logging_mixin.py:154} INFO - [2026-02-19T13:27:09.668+0000] {dagbag.py:346} ERROR - Failed to import: /opt/airflow/dags/weather_dag.py
Traceback (most recent call last):
  File "/home/airflow/.local/lib/python3.8/site-packages/airflow/models/dagbag.py", line 342, in parse
    loader.exec_module(new_module)
  File "<frozen importlib._bootstrap_external>", line 843, in exec_module
  File "<frozen importlib._bootstrap>", line 219, in _call_with_frames_removed
  File "/opt/airflow/dags/weather_dag.py", line 3, in <module>
    from airflow.providers.microsoft.mssql.hooks.mssql import MsSqlHook
ModuleNotFoundError: No module named 'airflow.providers.microsoft.mssql'
[2026-02-19T13:27:09.686+0000] {processor.py:841} WARNING - No viable dags retrieved from /opt/airflow/dags/weather_dag.py
[2026-02-19T13:27:09.731+0000] {processor.py:179} INFO - Processing /opt/airflow/dags/weather_dag.py took 0.116 seconds
[2026-02-19T13:27:40.348+0000] {processor.py:157} INFO - Started process (PID=169) to work on /opt/airflow/dags/weather_dag.py
[2026-02-19T13:27:40.350+0000] {processor.py:829} INFO - Processing file /opt/airflow/dags/weather_dag.py for tasks to queue
[2026-02-19T13:27:40.363+0000] {logging_mixin.py:154} INFO - [2026-02-19T13:27:40.362+0000] {dagbag.py:536} INFO - Filling up the DagBag from /opt/airflow/dags/weather_dag.py
[2026-02-19T13:27:40.424+0000] {logging_mixin.py:154} INFO - [2026-02-19T13:27:40.414+0000] {dagbag.py:346} ERROR - Failed to import: /opt/airflow/dags/weather_dag.py
Traceback (most recent call last):
  File "/home/airflow/.local/lib/python3.8/site-packages/airflow/models/dagbag.py", line 342, in parse
    loader.exec_module(new_module)
  File "<frozen importlib._bootstrap_external>", line 843, in exec_module
  File "<frozen importlib._bootstrap>", line 219, in _call_with_frames_removed
  File "/opt/airflow/dags/weather_dag.py", line 3, in <module>
    from airflow.providers.microsoft.mssql.hooks.mssql import MsSqlHook
ModuleNotFoundError: No module named 'airflow.providers.microsoft.mssql'
[2026-02-19T13:27:40.428+0000] {processor.py:841} WARNING - No viable dags retrieved from /opt/airflow/dags/weather_dag.py
[2026-02-19T13:27:40.468+0000] {processor.py:179} INFO - Processing /opt/airflow/dags/weather_dag.py took 0.128 seconds
[2026-02-19T13:28:10.991+0000] {processor.py:157} INFO - Started process (PID=174) to work on /opt/airflow/dags/weather_dag.py
[2026-02-19T13:28:10.993+0000] {processor.py:829} INFO - Processing file /opt/airflow/dags/weather_dag.py for tasks to queue
[2026-02-19T13:28:10.995+0000] {logging_mixin.py:154} INFO - [2026-02-19T13:28:10.995+0000] {dagbag.py:536} INFO - Filling up the DagBag from /opt/airflow/dags/weather_dag.py
[2026-02-19T13:28:11.042+0000] {logging_mixin.py:154} INFO - [2026-02-19T13:28:11.031+0000] {dagbag.py:346} ERROR - Failed to import: /opt/airflow/dags/weather_dag.py
Traceback (most recent call last):
  File "/home/airflow/.local/lib/python3.8/site-packages/airflow/models/dagbag.py", line 342, in parse
    loader.exec_module(new_module)
  File "<frozen importlib._bootstrap_external>", line 843, in exec_module
  File "<frozen importlib._bootstrap>", line 219, in _call_with_frames_removed
  File "/opt/airflow/dags/weather_dag.py", line 3, in <module>
    from airflow.providers.microsoft.mssql.hooks.mssql import MsSqlHook
ModuleNotFoundError: No module named 'airflow.providers.microsoft.mssql'
[2026-02-19T13:28:11.046+0000] {processor.py:841} WARNING - No viable dags retrieved from /opt/airflow/dags/weather_dag.py
[2026-02-19T13:28:11.089+0000] {processor.py:179} INFO - Processing /opt/airflow/dags/weather_dag.py took 0.106 seconds
[2026-02-19T13:28:41.731+0000] {processor.py:157} INFO - Started process (PID=179) to work on /opt/airflow/dags/weather_dag.py
[2026-02-19T13:28:41.732+0000] {processor.py:829} INFO - Processing file /opt/airflow/dags/weather_dag.py for tasks to queue
[2026-02-19T13:28:41.734+0000] {logging_mixin.py:154} INFO - [2026-02-19T13:28:41.733+0000] {dagbag.py:536} INFO - Filling up the DagBag from /opt/airflow/dags/weather_dag.py
[2026-02-19T13:28:41.777+0000] {logging_mixin.py:154} INFO - [2026-02-19T13:28:41.765+0000] {dagbag.py:346} ERROR - Failed to import: /opt/airflow/dags/weather_dag.py
Traceback (most recent call last):
  File "/home/airflow/.local/lib/python3.8/site-packages/airflow/models/dagbag.py", line 342, in parse
    loader.exec_module(new_module)
  File "<frozen importlib._bootstrap_external>", line 843, in exec_module
  File "<frozen importlib._bootstrap>", line 219, in _call_with_frames_removed
  File "/opt/airflow/dags/weather_dag.py", line 3, in <module>
    from airflow.providers.microsoft.mssql.hooks.mssql import MsSqlHook
ModuleNotFoundError: No module named 'airflow.providers.microsoft.mssql'
[2026-02-19T13:28:41.781+0000] {processor.py:841} WARNING - No viable dags retrieved from /opt/airflow/dags/weather_dag.py
[2026-02-19T13:28:41.810+0000] {processor.py:179} INFO - Processing /opt/airflow/dags/weather_dag.py took 0.086 seconds
[2026-02-19T13:29:14.431+0000] {processor.py:157} INFO - Started process (PID=184) to work on /opt/airflow/dags/weather_dag.py
[2026-02-19T13:29:14.432+0000] {processor.py:829} INFO - Processing file /opt/airflow/dags/weather_dag.py for tasks to queue
[2026-02-19T13:29:14.434+0000] {logging_mixin.py:154} INFO - [2026-02-19T13:29:14.434+0000] {dagbag.py:536} INFO - Filling up the DagBag from /opt/airflow/dags/weather_dag.py
[2026-02-19T13:29:14.497+0000] {logging_mixin.py:154} INFO - [2026-02-19T13:29:14.483+0000] {dagbag.py:346} ERROR - Failed to import: /opt/airflow/dags/weather_dag.py
Traceback (most recent call last):
  File "/home/airflow/.local/lib/python3.8/site-packages/airflow/models/dagbag.py", line 342, in parse
    loader.exec_module(new_module)
  File "<frozen importlib._bootstrap_external>", line 843, in exec_module
  File "<frozen importlib._bootstrap>", line 219, in _call_with_frames_removed
  File "/opt/airflow/dags/weather_dag.py", line 3, in <module>
    from airflow.providers.microsoft.mssql.hooks.mssql import MsSqlHook
ModuleNotFoundError: No module named 'airflow.providers.microsoft.mssql'
[2026-02-19T13:29:14.502+0000] {processor.py:841} WARNING - No viable dags retrieved from /opt/airflow/dags/weather_dag.py
[2026-02-19T13:29:14.558+0000] {processor.py:179} INFO - Processing /opt/airflow/dags/weather_dag.py took 0.135 seconds
[2026-02-19T13:29:48.166+0000] {processor.py:157} INFO - Started process (PID=189) to work on /opt/airflow/dags/weather_dag.py
[2026-02-19T13:29:48.168+0000] {processor.py:829} INFO - Processing file /opt/airflow/dags/weather_dag.py for tasks to queue
[2026-02-19T13:29:48.170+0000] {logging_mixin.py:154} INFO - [2026-02-19T13:29:48.170+0000] {dagbag.py:536} INFO - Filling up the DagBag from /opt/airflow/dags/weather_dag.py
[2026-02-19T13:29:48.229+0000] {logging_mixin.py:154} INFO - [2026-02-19T13:29:48.219+0000] {dagbag.py:346} ERROR - Failed to import: /opt/airflow/dags/weather_dag.py
Traceback (most recent call last):
  File "/home/airflow/.local/lib/python3.8/site-packages/airflow/models/dagbag.py", line 342, in parse
    loader.exec_module(new_module)
  File "<frozen importlib._bootstrap_external>", line 843, in exec_module
  File "<frozen importlib._bootstrap>", line 219, in _call_with_frames_removed
  File "/opt/airflow/dags/weather_dag.py", line 3, in <module>
    from airflow.providers.microsoft.mssql.hooks.mssql import MsSqlHook
ModuleNotFoundError: No module named 'airflow.providers.microsoft.mssql'
[2026-02-19T13:29:48.234+0000] {processor.py:841} WARNING - No viable dags retrieved from /opt/airflow/dags/weather_dag.py
[2026-02-19T13:29:48.266+0000] {processor.py:179} INFO - Processing /opt/airflow/dags/weather_dag.py took 0.105 seconds
[2026-02-19T13:30:20.809+0000] {processor.py:157} INFO - Started process (PID=194) to work on /opt/airflow/dags/weather_dag.py
[2026-02-19T13:30:20.814+0000] {processor.py:829} INFO - Processing file /opt/airflow/dags/weather_dag.py for tasks to queue
[2026-02-19T13:30:20.817+0000] {logging_mixin.py:154} INFO - [2026-02-19T13:30:20.816+0000] {dagbag.py:536} INFO - Filling up the DagBag from /opt/airflow/dags/weather_dag.py
[2026-02-19T13:30:20.909+0000] {logging_mixin.py:154} INFO - [2026-02-19T13:30:20.886+0000] {dagbag.py:346} ERROR - Failed to import: /opt/airflow/dags/weather_dag.py
Traceback (most recent call last):
  File "/home/airflow/.local/lib/python3.8/site-packages/airflow/models/dagbag.py", line 342, in parse
    loader.exec_module(new_module)
  File "<frozen importlib._bootstrap_external>", line 843, in exec_module
  File "<frozen importlib._bootstrap>", line 219, in _call_with_frames_removed
  File "/opt/airflow/dags/weather_dag.py", line 3, in <module>
    from airflow.providers.microsoft.mssql.hooks.mssql import MsSqlHook
ModuleNotFoundError: No module named 'airflow.providers.microsoft.mssql'
[2026-02-19T13:30:20.915+0000] {processor.py:841} WARNING - No viable dags retrieved from /opt/airflow/dags/weather_dag.py
[2026-02-19T13:30:20.987+0000] {processor.py:179} INFO - Processing /opt/airflow/dags/weather_dag.py took 0.198 seconds
[2026-02-19T13:30:54.551+0000] {processor.py:157} INFO - Started process (PID=199) to work on /opt/airflow/dags/weather_dag.py
[2026-02-19T13:30:54.553+0000] {processor.py:829} INFO - Processing file /opt/airflow/dags/weather_dag.py for tasks to queue
[2026-02-19T13:30:54.556+0000] {logging_mixin.py:154} INFO - [2026-02-19T13:30:54.555+0000] {dagbag.py:536} INFO - Filling up the DagBag from /opt/airflow/dags/weather_dag.py
[2026-02-19T13:30:54.621+0000] {logging_mixin.py:154} INFO - [2026-02-19T13:30:54.609+0000] {dagbag.py:346} ERROR - Failed to import: /opt/airflow/dags/weather_dag.py
Traceback (most recent call last):
  File "/home/airflow/.local/lib/python3.8/site-packages/airflow/models/dagbag.py", line 342, in parse
    loader.exec_module(new_module)
  File "<frozen importlib._bootstrap_external>", line 843, in exec_module
  File "<frozen importlib._bootstrap>", line 219, in _call_with_frames_removed
  File "/opt/airflow/dags/weather_dag.py", line 3, in <module>
    from airflow.providers.microsoft.mssql.hooks.mssql import MsSqlHook
ModuleNotFoundError: No module named 'airflow.providers.microsoft.mssql'
[2026-02-19T13:30:54.625+0000] {processor.py:841} WARNING - No viable dags retrieved from /opt/airflow/dags/weather_dag.py
[2026-02-19T13:30:54.657+0000] {processor.py:179} INFO - Processing /opt/airflow/dags/weather_dag.py took 0.112 seconds
[2026-02-19T13:31:27.308+0000] {processor.py:157} INFO - Started process (PID=204) to work on /opt/airflow/dags/weather_dag.py
[2026-02-19T13:31:27.311+0000] {processor.py:829} INFO - Processing file /opt/airflow/dags/weather_dag.py for tasks to queue
[2026-02-19T13:31:27.313+0000] {logging_mixin.py:154} INFO - [2026-02-19T13:31:27.313+0000] {dagbag.py:536} INFO - Filling up the DagBag from /opt/airflow/dags/weather_dag.py
[2026-02-19T13:31:27.352+0000] {logging_mixin.py:154} INFO - [2026-02-19T13:31:27.345+0000] {dagbag.py:346} ERROR - Failed to import: /opt/airflow/dags/weather_dag.py
Traceback (most recent call last):
  File "/home/airflow/.local/lib/python3.8/site-packages/airflow/models/dagbag.py", line 342, in parse
    loader.exec_module(new_module)
  File "<frozen importlib._bootstrap_external>", line 843, in exec_module
  File "<frozen importlib._bootstrap>", line 219, in _call_with_frames_removed
  File "/opt/airflow/dags/weather_dag.py", line 3, in <module>
    from airflow.providers.microsoft.mssql.hooks.mssql import MsSqlHook
ModuleNotFoundError: No module named 'airflow.providers.microsoft.mssql'
[2026-02-19T13:31:27.355+0000] {processor.py:841} WARNING - No viable dags retrieved from /opt/airflow/dags/weather_dag.py
[2026-02-19T13:31:27.389+0000] {processor.py:179} INFO - Processing /opt/airflow/dags/weather_dag.py took 0.084 seconds
[2026-02-19T13:32:00.895+0000] {processor.py:157} INFO - Started process (PID=209) to work on /opt/airflow/dags/weather_dag.py
[2026-02-19T13:32:00.898+0000] {processor.py:829} INFO - Processing file /opt/airflow/dags/weather_dag.py for tasks to queue
[2026-02-19T13:32:00.900+0000] {logging_mixin.py:154} INFO - [2026-02-19T13:32:00.899+0000] {dagbag.py:536} INFO - Filling up the DagBag from /opt/airflow/dags/weather_dag.py
[2026-02-19T13:32:00.942+0000] {logging_mixin.py:154} INFO - [2026-02-19T13:32:00.933+0000] {dagbag.py:346} ERROR - Failed to import: /opt/airflow/dags/weather_dag.py
Traceback (most recent call last):
  File "/home/airflow/.local/lib/python3.8/site-packages/airflow/models/dagbag.py", line 342, in parse
    loader.exec_module(new_module)
  File "<frozen importlib._bootstrap_external>", line 843, in exec_module
  File "<frozen importlib._bootstrap>", line 219, in _call_with_frames_removed
  File "/opt/airflow/dags/weather_dag.py", line 3, in <module>
    from airflow.providers.microsoft.mssql.hooks.mssql import MsSqlHook
ModuleNotFoundError: No module named 'airflow.providers.microsoft.mssql'
[2026-02-19T13:32:00.946+0000] {processor.py:841} WARNING - No viable dags retrieved from /opt/airflow/dags/weather_dag.py
[2026-02-19T13:32:00.978+0000] {processor.py:179} INFO - Processing /opt/airflow/dags/weather_dag.py took 0.087 seconds
[2026-02-19T13:32:34.719+0000] {processor.py:157} INFO - Started process (PID=214) to work on /opt/airflow/dags/weather_dag.py
[2026-02-19T13:32:34.721+0000] {processor.py:829} INFO - Processing file /opt/airflow/dags/weather_dag.py for tasks to queue
[2026-02-19T13:32:34.723+0000] {logging_mixin.py:154} INFO - [2026-02-19T13:32:34.722+0000] {dagbag.py:536} INFO - Filling up the DagBag from /opt/airflow/dags/weather_dag.py
[2026-02-19T13:32:34.773+0000] {logging_mixin.py:154} INFO - [2026-02-19T13:32:34.763+0000] {dagbag.py:346} ERROR - Failed to import: /opt/airflow/dags/weather_dag.py
Traceback (most recent call last):
  File "/home/airflow/.local/lib/python3.8/site-packages/airflow/models/dagbag.py", line 342, in parse
    loader.exec_module(new_module)
  File "<frozen importlib._bootstrap_external>", line 843, in exec_module
  File "<frozen importlib._bootstrap>", line 219, in _call_with_frames_removed
  File "/opt/airflow/dags/weather_dag.py", line 3, in <module>
    from airflow.providers.microsoft.mssql.hooks.mssql import MsSqlHook
ModuleNotFoundError: No module named 'airflow.providers.microsoft.mssql'
[2026-02-19T13:32:34.777+0000] {processor.py:841} WARNING - No viable dags retrieved from /opt/airflow/dags/weather_dag.py
[2026-02-19T13:32:34.809+0000] {processor.py:179} INFO - Processing /opt/airflow/dags/weather_dag.py took 0.095 seconds
[2026-02-19T13:33:07.357+0000] {processor.py:157} INFO - Started process (PID=219) to work on /opt/airflow/dags/weather_dag.py
[2026-02-19T13:33:07.359+0000] {processor.py:829} INFO - Processing file /opt/airflow/dags/weather_dag.py for tasks to queue
[2026-02-19T13:33:07.361+0000] {logging_mixin.py:154} INFO - [2026-02-19T13:33:07.361+0000] {dagbag.py:536} INFO - Filling up the DagBag from /opt/airflow/dags/weather_dag.py
[2026-02-19T13:33:07.410+0000] {logging_mixin.py:154} INFO - [2026-02-19T13:33:07.401+0000] {dagbag.py:346} ERROR - Failed to import: /opt/airflow/dags/weather_dag.py
Traceback (most recent call last):
  File "/home/airflow/.local/lib/python3.8/site-packages/airflow/models/dagbag.py", line 342, in parse
    loader.exec_module(new_module)
  File "<frozen importlib._bootstrap_external>", line 843, in exec_module
  File "<frozen importlib._bootstrap>", line 219, in _call_with_frames_removed
  File "/opt/airflow/dags/weather_dag.py", line 3, in <module>
    from airflow.providers.microsoft.mssql.hooks.mssql import MsSqlHook
ModuleNotFoundError: No module named 'airflow.providers.microsoft.mssql'
[2026-02-19T13:33:07.413+0000] {processor.py:841} WARNING - No viable dags retrieved from /opt/airflow/dags/weather_dag.py
[2026-02-19T13:33:07.443+0000] {processor.py:179} INFO - Processing /opt/airflow/dags/weather_dag.py took 0.096 seconds
[2026-02-19T13:33:41.020+0000] {processor.py:157} INFO - Started process (PID=224) to work on /opt/airflow/dags/weather_dag.py
[2026-02-19T13:33:41.022+0000] {processor.py:829} INFO - Processing file /opt/airflow/dags/weather_dag.py for tasks to queue
[2026-02-19T13:33:41.024+0000] {logging_mixin.py:154} INFO - [2026-02-19T13:33:41.023+0000] {dagbag.py:536} INFO - Filling up the DagBag from /opt/airflow/dags/weather_dag.py
[2026-02-19T13:33:41.070+0000] {logging_mixin.py:154} INFO - [2026-02-19T13:33:41.060+0000] {dagbag.py:346} ERROR - Failed to import: /opt/airflow/dags/weather_dag.py
Traceback (most recent call last):
  File "/home/airflow/.local/lib/python3.8/site-packages/airflow/models/dagbag.py", line 342, in parse
    loader.exec_module(new_module)
  File "<frozen importlib._bootstrap_external>", line 843, in exec_module
  File "<frozen importlib._bootstrap>", line 219, in _call_with_frames_removed
  File "/opt/airflow/dags/weather_dag.py", line 3, in <module>
    from airflow.providers.microsoft.mssql.hooks.mssql import MsSqlHook
ModuleNotFoundError: No module named 'airflow.providers.microsoft.mssql'
[2026-02-19T13:33:41.073+0000] {processor.py:841} WARNING - No viable dags retrieved from /opt/airflow/dags/weather_dag.py
[2026-02-19T13:33:41.099+0000] {processor.py:179} INFO - Processing /opt/airflow/dags/weather_dag.py took 0.084 seconds
[2026-02-19T13:34:14.736+0000] {processor.py:157} INFO - Started process (PID=229) to work on /opt/airflow/dags/weather_dag.py
[2026-02-19T13:34:14.738+0000] {processor.py:829} INFO - Processing file /opt/airflow/dags/weather_dag.py for tasks to queue
[2026-02-19T13:34:14.741+0000] {logging_mixin.py:154} INFO - [2026-02-19T13:34:14.740+0000] {dagbag.py:536} INFO - Filling up the DagBag from /opt/airflow/dags/weather_dag.py
[2026-02-19T13:34:14.801+0000] {logging_mixin.py:154} INFO - [2026-02-19T13:34:14.789+0000] {dagbag.py:346} ERROR - Failed to import: /opt/airflow/dags/weather_dag.py
Traceback (most recent call last):
  File "/home/airflow/.local/lib/python3.8/site-packages/airflow/models/dagbag.py", line 342, in parse
    loader.exec_module(new_module)
  File "<frozen importlib._bootstrap_external>", line 843, in exec_module
  File "<frozen importlib._bootstrap>", line 219, in _call_with_frames_removed
  File "/opt/airflow/dags/weather_dag.py", line 3, in <module>
    from airflow.providers.microsoft.mssql.hooks.mssql import MsSqlHook
ModuleNotFoundError: No module named 'airflow.providers.microsoft.mssql'
[2026-02-19T13:34:14.804+0000] {processor.py:841} WARNING - No viable dags retrieved from /opt/airflow/dags/weather_dag.py
[2026-02-19T13:34:14.834+0000] {processor.py:179} INFO - Processing /opt/airflow/dags/weather_dag.py took 0.103 seconds
[2026-02-19T13:34:47.348+0000] {processor.py:157} INFO - Started process (PID=234) to work on /opt/airflow/dags/weather_dag.py
[2026-02-19T13:34:47.350+0000] {processor.py:829} INFO - Processing file /opt/airflow/dags/weather_dag.py for tasks to queue
[2026-02-19T13:34:47.352+0000] {logging_mixin.py:154} INFO - [2026-02-19T13:34:47.351+0000] {dagbag.py:536} INFO - Filling up the DagBag from /opt/airflow/dags/weather_dag.py
[2026-02-19T13:34:47.398+0000] {logging_mixin.py:154} INFO - [2026-02-19T13:34:47.389+0000] {dagbag.py:346} ERROR - Failed to import: /opt/airflow/dags/weather_dag.py
Traceback (most recent call last):
  File "/home/airflow/.local/lib/python3.8/site-packages/airflow/models/dagbag.py", line 342, in parse
    loader.exec_module(new_module)
  File "<frozen importlib._bootstrap_external>", line 843, in exec_module
  File "<frozen importlib._bootstrap>", line 219, in _call_with_frames_removed
  File "/opt/airflow/dags/weather_dag.py", line 3, in <module>
    from airflow.providers.microsoft.mssql.hooks.mssql import MsSqlHook
ModuleNotFoundError: No module named 'airflow.providers.microsoft.mssql'
[2026-02-19T13:34:47.402+0000] {processor.py:841} WARNING - No viable dags retrieved from /opt/airflow/dags/weather_dag.py
[2026-02-19T13:34:47.430+0000] {processor.py:179} INFO - Processing /opt/airflow/dags/weather_dag.py took 0.087 seconds
[2026-02-19T13:35:18.320+0000] {processor.py:157} INFO - Started process (PID=240) to work on /opt/airflow/dags/weather_dag.py
[2026-02-19T13:35:18.329+0000] {processor.py:829} INFO - Processing file /opt/airflow/dags/weather_dag.py for tasks to queue
[2026-02-19T13:35:18.342+0000] {logging_mixin.py:154} INFO - [2026-02-19T13:35:18.341+0000] {dagbag.py:536} INFO - Filling up the DagBag from /opt/airflow/dags/weather_dag.py
[2026-02-19T13:35:18.404+0000] {logging_mixin.py:154} INFO - [2026-02-19T13:35:18.394+0000] {dagbag.py:346} ERROR - Failed to import: /opt/airflow/dags/weather_dag.py
Traceback (most recent call last):
  File "/home/airflow/.local/lib/python3.8/site-packages/airflow/models/dagbag.py", line 342, in parse
    loader.exec_module(new_module)
  File "<frozen importlib._bootstrap_external>", line 843, in exec_module
  File "<frozen importlib._bootstrap>", line 219, in _call_with_frames_removed
  File "/opt/airflow/dags/weather_dag.py", line 3, in <module>
    from airflow.providers.microsoft.mssql.hooks.mssql import MsSqlHook
ModuleNotFoundError: No module named 'airflow.providers.microsoft.mssql'
[2026-02-19T13:35:18.410+0000] {processor.py:841} WARNING - No viable dags retrieved from /opt/airflow/dags/weather_dag.py
[2026-02-19T13:35:18.467+0000] {processor.py:179} INFO - Processing /opt/airflow/dags/weather_dag.py took 0.192 seconds
[2026-02-19T13:38:30.639+0000] {processor.py:157} INFO - Started process (PID=163) to work on /opt/airflow/dags/weather_dag.py
[2026-02-19T13:38:30.647+0000] {processor.py:829} INFO - Processing file /opt/airflow/dags/weather_dag.py for tasks to queue
[2026-02-19T13:38:30.653+0000] {logging_mixin.py:154} INFO - [2026-02-19T13:38:30.651+0000] {dagbag.py:536} INFO - Filling up the DagBag from /opt/airflow/dags/weather_dag.py
[2026-02-19T13:38:30.762+0000] {logging_mixin.py:154} INFO - [2026-02-19T13:38:30.718+0000] {dagbag.py:346} ERROR - Failed to import: /opt/airflow/dags/weather_dag.py
Traceback (most recent call last):
  File "/home/airflow/.local/lib/python3.8/site-packages/airflow/models/dagbag.py", line 342, in parse
    loader.exec_module(new_module)
  File "<frozen importlib._bootstrap_external>", line 843, in exec_module
  File "<frozen importlib._bootstrap>", line 219, in _call_with_frames_removed
  File "/opt/airflow/dags/weather_dag.py", line 3, in <module>
    from airflow.providers.microsoft.mssql.hooks.mssql import MsSqlHook
ModuleNotFoundError: No module named 'airflow.providers.microsoft.mssql'
[2026-02-19T13:38:30.780+0000] {processor.py:841} WARNING - No viable dags retrieved from /opt/airflow/dags/weather_dag.py
[2026-02-19T13:38:30.859+0000] {processor.py:179} INFO - Processing /opt/airflow/dags/weather_dag.py took 0.237 seconds
[2026-02-19T13:39:01.591+0000] {processor.py:157} INFO - Started process (PID=168) to work on /opt/airflow/dags/weather_dag.py
[2026-02-19T13:39:01.592+0000] {processor.py:829} INFO - Processing file /opt/airflow/dags/weather_dag.py for tasks to queue
[2026-02-19T13:39:01.597+0000] {logging_mixin.py:154} INFO - [2026-02-19T13:39:01.593+0000] {dagbag.py:536} INFO - Filling up the DagBag from /opt/airflow/dags/weather_dag.py
[2026-02-19T13:39:01.631+0000] {logging_mixin.py:154} INFO - [2026-02-19T13:39:01.623+0000] {dagbag.py:346} ERROR - Failed to import: /opt/airflow/dags/weather_dag.py
Traceback (most recent call last):
  File "/home/airflow/.local/lib/python3.8/site-packages/airflow/models/dagbag.py", line 342, in parse
    loader.exec_module(new_module)
  File "<frozen importlib._bootstrap_external>", line 843, in exec_module
  File "<frozen importlib._bootstrap>", line 219, in _call_with_frames_removed
  File "/opt/airflow/dags/weather_dag.py", line 3, in <module>
    from airflow.providers.microsoft.mssql.hooks.mssql import MsSqlHook
ModuleNotFoundError: No module named 'airflow.providers.microsoft.mssql'
[2026-02-19T13:39:01.634+0000] {processor.py:841} WARNING - No viable dags retrieved from /opt/airflow/dags/weather_dag.py
[2026-02-19T13:39:01.687+0000] {processor.py:179} INFO - Processing /opt/airflow/dags/weather_dag.py took 0.102 seconds
[2026-02-19T13:39:32.261+0000] {processor.py:157} INFO - Started process (PID=173) to work on /opt/airflow/dags/weather_dag.py
[2026-02-19T13:39:32.262+0000] {processor.py:829} INFO - Processing file /opt/airflow/dags/weather_dag.py for tasks to queue
[2026-02-19T13:39:32.267+0000] {logging_mixin.py:154} INFO - [2026-02-19T13:39:32.266+0000] {dagbag.py:536} INFO - Filling up the DagBag from /opt/airflow/dags/weather_dag.py
[2026-02-19T13:39:32.333+0000] {logging_mixin.py:154} INFO - [2026-02-19T13:39:32.324+0000] {dagbag.py:346} ERROR - Failed to import: /opt/airflow/dags/weather_dag.py
Traceback (most recent call last):
  File "/home/airflow/.local/lib/python3.8/site-packages/airflow/models/dagbag.py", line 342, in parse
    loader.exec_module(new_module)
  File "<frozen importlib._bootstrap_external>", line 843, in exec_module
  File "<frozen importlib._bootstrap>", line 219, in _call_with_frames_removed
  File "/opt/airflow/dags/weather_dag.py", line 3, in <module>
    from airflow.providers.microsoft.mssql.hooks.mssql import MsSqlHook
ModuleNotFoundError: No module named 'airflow.providers.microsoft.mssql'
[2026-02-19T13:39:32.337+0000] {processor.py:841} WARNING - No viable dags retrieved from /opt/airflow/dags/weather_dag.py
[2026-02-19T13:39:32.396+0000] {processor.py:179} INFO - Processing /opt/airflow/dags/weather_dag.py took 0.142 seconds
[2026-02-19T13:40:03.262+0000] {processor.py:157} INFO - Started process (PID=178) to work on /opt/airflow/dags/weather_dag.py
[2026-02-19T13:40:03.264+0000] {processor.py:829} INFO - Processing file /opt/airflow/dags/weather_dag.py for tasks to queue
[2026-02-19T13:40:03.268+0000] {logging_mixin.py:154} INFO - [2026-02-19T13:40:03.266+0000] {dagbag.py:536} INFO - Filling up the DagBag from /opt/airflow/dags/weather_dag.py
[2026-02-19T13:40:03.336+0000] {logging_mixin.py:154} INFO - [2026-02-19T13:40:03.320+0000] {dagbag.py:346} ERROR - Failed to import: /opt/airflow/dags/weather_dag.py
Traceback (most recent call last):
  File "/home/airflow/.local/lib/python3.8/site-packages/airflow/models/dagbag.py", line 342, in parse
    loader.exec_module(new_module)
  File "<frozen importlib._bootstrap_external>", line 843, in exec_module
  File "<frozen importlib._bootstrap>", line 219, in _call_with_frames_removed
  File "/opt/airflow/dags/weather_dag.py", line 3, in <module>
    from airflow.providers.microsoft.mssql.hooks.mssql import MsSqlHook
ModuleNotFoundError: No module named 'airflow.providers.microsoft.mssql'
[2026-02-19T13:40:03.340+0000] {processor.py:841} WARNING - No viable dags retrieved from /opt/airflow/dags/weather_dag.py
[2026-02-19T13:40:13.373+0000] {processor.py:182} ERROR - Got an exception! Propagating...
Traceback (most recent call last):
  File "/home/airflow/.local/lib/python3.8/site-packages/sqlalchemy/engine/base.py", line 3371, in _wrap_pool_connect
    return fn()
  File "/home/airflow/.local/lib/python3.8/site-packages/sqlalchemy/pool/base.py", line 327, in connect
    return _ConnectionFairy._checkout(self)
  File "/home/airflow/.local/lib/python3.8/site-packages/sqlalchemy/pool/base.py", line 894, in _checkout
    fairy = _ConnectionRecord.checkout(pool)
  File "/home/airflow/.local/lib/python3.8/site-packages/sqlalchemy/pool/base.py", line 493, in checkout
    rec = pool._do_get()
  File "/home/airflow/.local/lib/python3.8/site-packages/sqlalchemy/pool/impl.py", line 146, in _do_get
    self._dec_overflow()
  File "/home/airflow/.local/lib/python3.8/site-packages/sqlalchemy/util/langhelpers.py", line 70, in __exit__
    compat.raise_(
  File "/home/airflow/.local/lib/python3.8/site-packages/sqlalchemy/util/compat.py", line 211, in raise_
    raise exception
  File "/home/airflow/.local/lib/python3.8/site-packages/sqlalchemy/pool/impl.py", line 143, in _do_get
    return self._create_connection()
  File "/home/airflow/.local/lib/python3.8/site-packages/sqlalchemy/pool/base.py", line 273, in _create_connection
    return _ConnectionRecord(self)
  File "/home/airflow/.local/lib/python3.8/site-packages/sqlalchemy/pool/base.py", line 388, in __init__
    self.__connect()
  File "/home/airflow/.local/lib/python3.8/site-packages/sqlalchemy/pool/base.py", line 691, in __connect
    pool.logger.debug("Error on connect(): %s", e)
  File "/home/airflow/.local/lib/python3.8/site-packages/sqlalchemy/util/langhelpers.py", line 70, in __exit__
    compat.raise_(
  File "/home/airflow/.local/lib/python3.8/site-packages/sqlalchemy/util/compat.py", line 211, in raise_
    raise exception
  File "/home/airflow/.local/lib/python3.8/site-packages/sqlalchemy/pool/base.py", line 686, in __connect
    self.dbapi_connection = connection = pool._invoke_creator(self)
  File "/home/airflow/.local/lib/python3.8/site-packages/sqlalchemy/engine/create.py", line 574, in connect
    return dialect.connect(*cargs, **cparams)
  File "/home/airflow/.local/lib/python3.8/site-packages/sqlalchemy/engine/default.py", line 598, in connect
    return self.dbapi.connect(*cargs, **cparams)
  File "/home/airflow/.local/lib/python3.8/site-packages/psycopg2/__init__.py", line 122, in connect
    conn = _connect(dsn, connection_factory=connection_factory, **kwasync)
psycopg2.OperationalError: could not translate host name "postgres" to address: Temporary failure in name resolution


The above exception was the direct cause of the following exception:

Traceback (most recent call last):
  File "/home/airflow/.local/lib/python3.8/site-packages/airflow/dag_processing/processor.py", line 178, in _run_file_processor
    _handle_dag_file_processing()
  File "/home/airflow/.local/lib/python3.8/site-packages/airflow/dag_processing/processor.py", line 159, in _handle_dag_file_processing
    result: tuple[int, int] = dag_file_processor.process_file(
  File "/home/airflow/.local/lib/python3.8/site-packages/airflow/utils/session.py", line 79, in wrapper
    return func(*args, session=session, **kwargs)
  File "/home/airflow/.local/lib/python3.8/site-packages/airflow/dag_processing/processor.py", line 842, in process_file
    DagFileProcessor.update_import_errors(
  File "/home/airflow/.local/lib/python3.8/site-packages/airflow/api_internal/internal_api_call.py", line 114, in wrapper
    return func(*args, **kwargs)
  File "/home/airflow/.local/lib/python3.8/site-packages/airflow/utils/session.py", line 76, in wrapper
    return func(*args, **kwargs)
  File "/home/airflow/.local/lib/python3.8/site-packages/airflow/dag_processing/processor.py", line 625, in update_import_errors
    existing_import_error_files = [x.filename for x in session.query(errors.ImportError.filename).all()]
  File "/home/airflow/.local/lib/python3.8/site-packages/sqlalchemy/orm/query.py", line 2773, in all
    return self._iter().all()
  File "/home/airflow/.local/lib/python3.8/site-packages/sqlalchemy/orm/query.py", line 2916, in _iter
    result = self.session.execute(
  File "/home/airflow/.local/lib/python3.8/site-packages/sqlalchemy/orm/session.py", line 1716, in execute
    conn = self._connection_for_bind(bind)
  File "/home/airflow/.local/lib/python3.8/site-packages/sqlalchemy/orm/session.py", line 1555, in _connection_for_bind
    return self._transaction._connection_for_bind(
  File "/home/airflow/.local/lib/python3.8/site-packages/sqlalchemy/orm/session.py", line 750, in _connection_for_bind
    conn = bind.connect()
  File "/home/airflow/.local/lib/python3.8/site-packages/sqlalchemy/future/engine.py", line 406, in connect
    return super(Engine, self).connect()
  File "/home/airflow/.local/lib/python3.8/site-packages/sqlalchemy/engine/base.py", line 3325, in connect
    return self._connection_cls(self, close_with_result=close_with_result)
  File "/home/airflow/.local/lib/python3.8/site-packages/sqlalchemy/engine/base.py", line 96, in __init__
    else engine.raw_connection()
  File "/home/airflow/.local/lib/python3.8/site-packages/sqlalchemy/engine/base.py", line 3404, in raw_connection
    return self._wrap_pool_connect(self.pool.connect, _connection)
  File "/home/airflow/.local/lib/python3.8/site-packages/sqlalchemy/engine/base.py", line 3374, in _wrap_pool_connect
    Connection._handle_dbapi_exception_noconnection(
  File "/home/airflow/.local/lib/python3.8/site-packages/sqlalchemy/engine/base.py", line 2208, in _handle_dbapi_exception_noconnection
    util.raise_(
  File "/home/airflow/.local/lib/python3.8/site-packages/sqlalchemy/util/compat.py", line 211, in raise_
    raise exception
  File "/home/airflow/.local/lib/python3.8/site-packages/sqlalchemy/engine/base.py", line 3371, in _wrap_pool_connect
    return fn()
  File "/home/airflow/.local/lib/python3.8/site-packages/sqlalchemy/pool/base.py", line 327, in connect
    return _ConnectionFairy._checkout(self)
  File "/home/airflow/.local/lib/python3.8/site-packages/sqlalchemy/pool/base.py", line 894, in _checkout
    fairy = _ConnectionRecord.checkout(pool)
  File "/home/airflow/.local/lib/python3.8/site-packages/sqlalchemy/pool/base.py", line 493, in checkout
    rec = pool._do_get()
  File "/home/airflow/.local/lib/python3.8/site-packages/sqlalchemy/pool/impl.py", line 146, in _do_get
    self._dec_overflow()
  File "/home/airflow/.local/lib/python3.8/site-packages/sqlalchemy/util/langhelpers.py", line 70, in __exit__
    compat.raise_(
  File "/home/airflow/.local/lib/python3.8/site-packages/sqlalchemy/util/compat.py", line 211, in raise_
    raise exception
  File "/home/airflow/.local/lib/python3.8/site-packages/sqlalchemy/pool/impl.py", line 143, in _do_get
    return self._create_connection()
  File "/home/airflow/.local/lib/python3.8/site-packages/sqlalchemy/pool/base.py", line 273, in _create_connection
    return _ConnectionRecord(self)
  File "/home/airflow/.local/lib/python3.8/site-packages/sqlalchemy/pool/base.py", line 388, in __init__
    self.__connect()
  File "/home/airflow/.local/lib/python3.8/site-packages/sqlalchemy/pool/base.py", line 691, in __connect
    pool.logger.debug("Error on connect(): %s", e)
  File "/home/airflow/.local/lib/python3.8/site-packages/sqlalchemy/util/langhelpers.py", line 70, in __exit__
    compat.raise_(
  File "/home/airflow/.local/lib/python3.8/site-packages/sqlalchemy/util/compat.py", line 211, in raise_
    raise exception
  File "/home/airflow/.local/lib/python3.8/site-packages/sqlalchemy/pool/base.py", line 686, in __connect
    self.dbapi_connection = connection = pool._invoke_creator(self)
  File "/home/airflow/.local/lib/python3.8/site-packages/sqlalchemy/engine/create.py", line 574, in connect
    return dialect.connect(*cargs, **cparams)
  File "/home/airflow/.local/lib/python3.8/site-packages/sqlalchemy/engine/default.py", line 598, in connect
    return self.dbapi.connect(*cargs, **cparams)
  File "/home/airflow/.local/lib/python3.8/site-packages/psycopg2/__init__.py", line 122, in connect
    conn = _connect(dsn, connection_factory=connection_factory, **kwasync)
sqlalchemy.exc.OperationalError: (psycopg2.OperationalError) could not translate host name "postgres" to address: Temporary failure in name resolution

(Background on this error at: https://sqlalche.me/e/14/e3q8)
[2026-02-19T13:40:44.280+0000] {processor.py:157} INFO - Started process (PID=183) to work on /opt/airflow/dags/weather_dag.py
[2026-02-19T13:40:44.299+0000] {processor.py:829} INFO - Processing file /opt/airflow/dags/weather_dag.py for tasks to queue
[2026-02-19T13:40:44.307+0000] {logging_mixin.py:154} INFO - [2026-02-19T13:40:44.305+0000] {dagbag.py:536} INFO - Filling up the DagBag from /opt/airflow/dags/weather_dag.py
[2026-02-19T13:40:44.593+0000] {logging_mixin.py:154} INFO - [2026-02-19T13:40:44.535+0000] {dagbag.py:346} ERROR - Failed to import: /opt/airflow/dags/weather_dag.py
Traceback (most recent call last):
  File "/home/airflow/.local/lib/python3.8/site-packages/airflow/models/dagbag.py", line 342, in parse
    loader.exec_module(new_module)
  File "<frozen importlib._bootstrap_external>", line 843, in exec_module
  File "<frozen importlib._bootstrap>", line 219, in _call_with_frames_removed
  File "/opt/airflow/dags/weather_dag.py", line 3, in <module>
    from airflow.providers.microsoft.mssql.hooks.mssql import MsSqlHook
ModuleNotFoundError: No module named 'airflow.providers.microsoft.mssql'
[2026-02-19T13:40:44.605+0000] {processor.py:841} WARNING - No viable dags retrieved from /opt/airflow/dags/weather_dag.py
[2026-02-19T13:40:44.730+0000] {processor.py:179} INFO - Processing /opt/airflow/dags/weather_dag.py took 0.463 seconds
[2026-02-19T13:41:15.533+0000] {processor.py:157} INFO - Started process (PID=188) to work on /opt/airflow/dags/weather_dag.py
[2026-02-19T13:41:15.535+0000] {processor.py:829} INFO - Processing file /opt/airflow/dags/weather_dag.py for tasks to queue
[2026-02-19T13:41:15.537+0000] {logging_mixin.py:154} INFO - [2026-02-19T13:41:15.536+0000] {dagbag.py:536} INFO - Filling up the DagBag from /opt/airflow/dags/weather_dag.py
[2026-02-19T13:41:15.618+0000] {logging_mixin.py:154} INFO - [2026-02-19T13:41:15.607+0000] {dagbag.py:346} ERROR - Failed to import: /opt/airflow/dags/weather_dag.py
Traceback (most recent call last):
  File "/home/airflow/.local/lib/python3.8/site-packages/airflow/models/dagbag.py", line 342, in parse
    loader.exec_module(new_module)
  File "<frozen importlib._bootstrap_external>", line 843, in exec_module
  File "<frozen importlib._bootstrap>", line 219, in _call_with_frames_removed
  File "/opt/airflow/dags/weather_dag.py", line 3, in <module>
    from airflow.providers.microsoft.mssql.hooks.mssql import MsSqlHook
ModuleNotFoundError: No module named 'airflow.providers.microsoft.mssql'
[2026-02-19T13:41:15.622+0000] {processor.py:841} WARNING - No viable dags retrieved from /opt/airflow/dags/weather_dag.py
[2026-02-19T13:41:15.657+0000] {processor.py:179} INFO - Processing /opt/airflow/dags/weather_dag.py took 0.130 seconds
[2026-02-19T13:41:46.169+0000] {processor.py:157} INFO - Started process (PID=193) to work on /opt/airflow/dags/weather_dag.py
[2026-02-19T13:41:46.171+0000] {processor.py:829} INFO - Processing file /opt/airflow/dags/weather_dag.py for tasks to queue
[2026-02-19T13:41:46.172+0000] {logging_mixin.py:154} INFO - [2026-02-19T13:41:46.172+0000] {dagbag.py:536} INFO - Filling up the DagBag from /opt/airflow/dags/weather_dag.py
[2026-02-19T13:41:46.244+0000] {logging_mixin.py:154} INFO - [2026-02-19T13:41:46.233+0000] {dagbag.py:346} ERROR - Failed to import: /opt/airflow/dags/weather_dag.py
Traceback (most recent call last):
  File "/home/airflow/.local/lib/python3.8/site-packages/airflow/models/dagbag.py", line 342, in parse
    loader.exec_module(new_module)
  File "<frozen importlib._bootstrap_external>", line 843, in exec_module
  File "<frozen importlib._bootstrap>", line 219, in _call_with_frames_removed
  File "/opt/airflow/dags/weather_dag.py", line 3, in <module>
    from airflow.providers.microsoft.mssql.hooks.mssql import MsSqlHook
ModuleNotFoundError: No module named 'airflow.providers.microsoft.mssql'
[2026-02-19T13:41:46.248+0000] {processor.py:841} WARNING - No viable dags retrieved from /opt/airflow/dags/weather_dag.py
[2026-02-19T13:41:46.287+0000] {processor.py:179} INFO - Processing /opt/airflow/dags/weather_dag.py took 0.123 seconds
[2026-02-19T13:42:17.037+0000] {processor.py:157} INFO - Started process (PID=198) to work on /opt/airflow/dags/weather_dag.py
[2026-02-19T13:42:17.040+0000] {processor.py:829} INFO - Processing file /opt/airflow/dags/weather_dag.py for tasks to queue
[2026-02-19T13:42:17.043+0000] {logging_mixin.py:154} INFO - [2026-02-19T13:42:17.042+0000] {dagbag.py:536} INFO - Filling up the DagBag from /opt/airflow/dags/weather_dag.py
[2026-02-19T13:42:17.104+0000] {logging_mixin.py:154} INFO - [2026-02-19T13:42:17.094+0000] {dagbag.py:346} ERROR - Failed to import: /opt/airflow/dags/weather_dag.py
Traceback (most recent call last):
  File "/home/airflow/.local/lib/python3.8/site-packages/airflow/models/dagbag.py", line 342, in parse
    loader.exec_module(new_module)
  File "<frozen importlib._bootstrap_external>", line 843, in exec_module
  File "<frozen importlib._bootstrap>", line 219, in _call_with_frames_removed
  File "/opt/airflow/dags/weather_dag.py", line 3, in <module>
    from airflow.providers.microsoft.mssql.hooks.mssql import MsSqlHook
ModuleNotFoundError: No module named 'airflow.providers.microsoft.mssql'
[2026-02-19T13:42:17.108+0000] {processor.py:841} WARNING - No viable dags retrieved from /opt/airflow/dags/weather_dag.py
[2026-02-19T13:42:17.153+0000] {processor.py:179} INFO - Processing /opt/airflow/dags/weather_dag.py took 0.122 seconds
[2026-02-19T13:42:49.562+0000] {processor.py:157} INFO - Started process (PID=203) to work on /opt/airflow/dags/weather_dag.py
[2026-02-19T13:42:49.564+0000] {processor.py:829} INFO - Processing file /opt/airflow/dags/weather_dag.py for tasks to queue
[2026-02-19T13:42:49.566+0000] {logging_mixin.py:154} INFO - [2026-02-19T13:42:49.566+0000] {dagbag.py:536} INFO - Filling up the DagBag from /opt/airflow/dags/weather_dag.py
[2026-02-19T13:42:49.616+0000] {logging_mixin.py:154} INFO - [2026-02-19T13:42:49.604+0000] {dagbag.py:346} ERROR - Failed to import: /opt/airflow/dags/weather_dag.py
Traceback (most recent call last):
  File "/home/airflow/.local/lib/python3.8/site-packages/airflow/models/dagbag.py", line 342, in parse
    loader.exec_module(new_module)
  File "<frozen importlib._bootstrap_external>", line 843, in exec_module
  File "<frozen importlib._bootstrap>", line 219, in _call_with_frames_removed
  File "/opt/airflow/dags/weather_dag.py", line 3, in <module>
    from airflow.providers.microsoft.mssql.hooks.mssql import MsSqlHook
ModuleNotFoundError: No module named 'airflow.providers.microsoft.mssql'
[2026-02-19T13:42:49.619+0000] {processor.py:841} WARNING - No viable dags retrieved from /opt/airflow/dags/weather_dag.py
[2026-02-19T13:42:49.649+0000] {processor.py:179} INFO - Processing /opt/airflow/dags/weather_dag.py took 0.091 seconds
[2026-02-19T13:43:23.163+0000] {processor.py:157} INFO - Started process (PID=208) to work on /opt/airflow/dags/weather_dag.py
[2026-02-19T13:43:23.166+0000] {processor.py:829} INFO - Processing file /opt/airflow/dags/weather_dag.py for tasks to queue
[2026-02-19T13:43:23.167+0000] {logging_mixin.py:154} INFO - [2026-02-19T13:43:23.167+0000] {dagbag.py:536} INFO - Filling up the DagBag from /opt/airflow/dags/weather_dag.py
[2026-02-19T13:43:23.222+0000] {logging_mixin.py:154} INFO - [2026-02-19T13:43:23.213+0000] {dagbag.py:346} ERROR - Failed to import: /opt/airflow/dags/weather_dag.py
Traceback (most recent call last):
  File "/home/airflow/.local/lib/python3.8/site-packages/airflow/models/dagbag.py", line 342, in parse
    loader.exec_module(new_module)
  File "<frozen importlib._bootstrap_external>", line 843, in exec_module
  File "<frozen importlib._bootstrap>", line 219, in _call_with_frames_removed
  File "/opt/airflow/dags/weather_dag.py", line 3, in <module>
    from airflow.providers.microsoft.mssql.hooks.mssql import MsSqlHook
ModuleNotFoundError: No module named 'airflow.providers.microsoft.mssql'
[2026-02-19T13:43:23.226+0000] {processor.py:841} WARNING - No viable dags retrieved from /opt/airflow/dags/weather_dag.py
[2026-02-19T13:43:23.265+0000] {processor.py:179} INFO - Processing /opt/airflow/dags/weather_dag.py took 0.107 seconds
[2026-02-19T13:43:54.251+0000] {processor.py:157} INFO - Started process (PID=213) to work on /opt/airflow/dags/weather_dag.py
[2026-02-19T13:43:54.253+0000] {processor.py:829} INFO - Processing file /opt/airflow/dags/weather_dag.py for tasks to queue
[2026-02-19T13:43:54.255+0000] {logging_mixin.py:154} INFO - [2026-02-19T13:43:54.255+0000] {dagbag.py:536} INFO - Filling up the DagBag from /opt/airflow/dags/weather_dag.py
[2026-02-19T13:43:54.306+0000] {logging_mixin.py:154} INFO - [2026-02-19T13:43:54.295+0000] {dagbag.py:346} ERROR - Failed to import: /opt/airflow/dags/weather_dag.py
Traceback (most recent call last):
  File "/home/airflow/.local/lib/python3.8/site-packages/airflow/models/dagbag.py", line 342, in parse
    loader.exec_module(new_module)
  File "<frozen importlib._bootstrap_external>", line 843, in exec_module
  File "<frozen importlib._bootstrap>", line 219, in _call_with_frames_removed
  File "/opt/airflow/dags/weather_dag.py", line 3, in <module>
    from airflow.providers.microsoft.mssql.hooks.mssql import MsSqlHook
ModuleNotFoundError: No module named 'airflow.providers.microsoft.mssql'
[2026-02-19T13:43:54.309+0000] {processor.py:841} WARNING - No viable dags retrieved from /opt/airflow/dags/weather_dag.py
[2026-02-19T13:43:54.350+0000] {processor.py:179} INFO - Processing /opt/airflow/dags/weather_dag.py took 0.104 seconds
[2026-02-19T13:44:24.986+0000] {processor.py:157} INFO - Started process (PID=218) to work on /opt/airflow/dags/weather_dag.py
[2026-02-19T13:44:24.988+0000] {processor.py:829} INFO - Processing file /opt/airflow/dags/weather_dag.py for tasks to queue
[2026-02-19T13:44:24.989+0000] {logging_mixin.py:154} INFO - [2026-02-19T13:44:24.989+0000] {dagbag.py:536} INFO - Filling up the DagBag from /opt/airflow/dags/weather_dag.py
[2026-02-19T13:44:25.028+0000] {logging_mixin.py:154} INFO - [2026-02-19T13:44:25.020+0000] {dagbag.py:346} ERROR - Failed to import: /opt/airflow/dags/weather_dag.py
Traceback (most recent call last):
  File "/home/airflow/.local/lib/python3.8/site-packages/airflow/models/dagbag.py", line 342, in parse
    loader.exec_module(new_module)
  File "<frozen importlib._bootstrap_external>", line 843, in exec_module
  File "<frozen importlib._bootstrap>", line 219, in _call_with_frames_removed
  File "/opt/airflow/dags/weather_dag.py", line 3, in <module>
    from airflow.providers.microsoft.mssql.hooks.mssql import MsSqlHook
ModuleNotFoundError: No module named 'airflow.providers.microsoft.mssql'
[2026-02-19T13:44:25.031+0000] {processor.py:841} WARNING - No viable dags retrieved from /opt/airflow/dags/weather_dag.py
[2026-02-19T13:44:25.062+0000] {processor.py:179} INFO - Processing /opt/airflow/dags/weather_dag.py took 0.081 seconds
[2026-02-19T13:44:56.023+0000] {processor.py:157} INFO - Started process (PID=223) to work on /opt/airflow/dags/weather_dag.py
[2026-02-19T13:44:56.024+0000] {processor.py:829} INFO - Processing file /opt/airflow/dags/weather_dag.py for tasks to queue
[2026-02-19T13:44:56.026+0000] {logging_mixin.py:154} INFO - [2026-02-19T13:44:56.025+0000] {dagbag.py:536} INFO - Filling up the DagBag from /opt/airflow/dags/weather_dag.py
[2026-02-19T13:44:56.078+0000] {logging_mixin.py:154} INFO - [2026-02-19T13:44:56.070+0000] {dagbag.py:346} ERROR - Failed to import: /opt/airflow/dags/weather_dag.py
Traceback (most recent call last):
  File "/home/airflow/.local/lib/python3.8/site-packages/airflow/models/dagbag.py", line 342, in parse
    loader.exec_module(new_module)
  File "<frozen importlib._bootstrap_external>", line 843, in exec_module
  File "<frozen importlib._bootstrap>", line 219, in _call_with_frames_removed
  File "/opt/airflow/dags/weather_dag.py", line 3, in <module>
    from airflow.providers.microsoft.mssql.hooks.mssql import MsSqlHook
ModuleNotFoundError: No module named 'airflow.providers.microsoft.mssql'
[2026-02-19T13:44:56.080+0000] {processor.py:841} WARNING - No viable dags retrieved from /opt/airflow/dags/weather_dag.py
[2026-02-19T13:44:56.107+0000] {processor.py:179} INFO - Processing /opt/airflow/dags/weather_dag.py took 0.088 seconds
[2026-02-19T13:45:26.654+0000] {processor.py:157} INFO - Started process (PID=228) to work on /opt/airflow/dags/weather_dag.py
[2026-02-19T13:45:26.656+0000] {processor.py:829} INFO - Processing file /opt/airflow/dags/weather_dag.py for tasks to queue
[2026-02-19T13:45:26.658+0000] {logging_mixin.py:154} INFO - [2026-02-19T13:45:26.658+0000] {dagbag.py:536} INFO - Filling up the DagBag from /opt/airflow/dags/weather_dag.py
[2026-02-19T13:45:26.699+0000] {logging_mixin.py:154} INFO - [2026-02-19T13:45:26.691+0000] {dagbag.py:346} ERROR - Failed to import: /opt/airflow/dags/weather_dag.py
Traceback (most recent call last):
  File "/home/airflow/.local/lib/python3.8/site-packages/airflow/models/dagbag.py", line 342, in parse
    loader.exec_module(new_module)
  File "<frozen importlib._bootstrap_external>", line 843, in exec_module
  File "<frozen importlib._bootstrap>", line 219, in _call_with_frames_removed
  File "/opt/airflow/dags/weather_dag.py", line 3, in <module>
    from airflow.providers.microsoft.mssql.hooks.mssql import MsSqlHook
ModuleNotFoundError: No module named 'airflow.providers.microsoft.mssql'
[2026-02-19T13:45:26.701+0000] {processor.py:841} WARNING - No viable dags retrieved from /opt/airflow/dags/weather_dag.py
[2026-02-19T13:45:26.731+0000] {processor.py:179} INFO - Processing /opt/airflow/dags/weather_dag.py took 0.082 seconds
[2026-02-19T13:45:53.369+0000] {processor.py:157} INFO - Started process (PID=233) to work on /opt/airflow/dags/weather_dag.py
[2026-02-19T13:45:53.371+0000] {processor.py:829} INFO - Processing file /opt/airflow/dags/weather_dag.py for tasks to queue
[2026-02-19T13:45:53.373+0000] {logging_mixin.py:154} INFO - [2026-02-19T13:45:53.372+0000] {dagbag.py:536} INFO - Filling up the DagBag from /opt/airflow/dags/weather_dag.py
[2026-02-19T13:45:53.441+0000] {logging_mixin.py:154} INFO - [2026-02-19T13:45:53.432+0000] {dagbag.py:346} ERROR - Failed to import: /opt/airflow/dags/weather_dag.py
Traceback (most recent call last):
  File "/home/airflow/.local/lib/python3.8/site-packages/airflow/models/dagbag.py", line 342, in parse
    loader.exec_module(new_module)
  File "<frozen importlib._bootstrap_external>", line 843, in exec_module
  File "<frozen importlib._bootstrap>", line 219, in _call_with_frames_removed
  File "/opt/airflow/dags/weather_dag.py", line 3, in <module>
    from airflow.providers.microsoft.mssql.hooks.mssql import MsSqlHook
ModuleNotFoundError: No module named 'airflow.providers.microsoft.mssql'
[2026-02-19T13:45:53.444+0000] {processor.py:841} WARNING - No viable dags retrieved from /opt/airflow/dags/weather_dag.py
[2026-02-19T13:45:53.477+0000] {processor.py:179} INFO - Processing /opt/airflow/dags/weather_dag.py took 0.113 seconds
[2026-02-19T13:46:23.986+0000] {processor.py:157} INFO - Started process (PID=238) to work on /opt/airflow/dags/weather_dag.py
[2026-02-19T13:46:23.987+0000] {processor.py:829} INFO - Processing file /opt/airflow/dags/weather_dag.py for tasks to queue
[2026-02-19T13:46:23.990+0000] {logging_mixin.py:154} INFO - [2026-02-19T13:46:23.988+0000] {dagbag.py:536} INFO - Filling up the DagBag from /opt/airflow/dags/weather_dag.py
[2026-02-19T13:46:24.028+0000] {logging_mixin.py:154} INFO - [2026-02-19T13:46:24.020+0000] {dagbag.py:346} ERROR - Failed to import: /opt/airflow/dags/weather_dag.py
Traceback (most recent call last):
  File "/home/airflow/.local/lib/python3.8/site-packages/airflow/models/dagbag.py", line 342, in parse
    loader.exec_module(new_module)
  File "<frozen importlib._bootstrap_external>", line 843, in exec_module
  File "<frozen importlib._bootstrap>", line 219, in _call_with_frames_removed
  File "/opt/airflow/dags/weather_dag.py", line 3, in <module>
    from airflow.providers.microsoft.mssql.hooks.mssql import MsSqlHook
ModuleNotFoundError: No module named 'airflow.providers.microsoft.mssql'
[2026-02-19T13:46:24.031+0000] {processor.py:841} WARNING - No viable dags retrieved from /opt/airflow/dags/weather_dag.py
[2026-02-19T13:46:24.103+0000] {processor.py:179} INFO - Processing /opt/airflow/dags/weather_dag.py took 0.126 seconds
[2026-02-19T13:47:34.325+0000] {processor.py:157} INFO - Started process (PID=243) to work on /opt/airflow/dags/weather_dag.py
[2026-02-19T13:47:44.014+0000] {processor.py:829} INFO - Processing file /opt/airflow/dags/weather_dag.py for tasks to queue
[2026-02-19T13:47:44.223+0000] {logging_mixin.py:154} INFO - [2026-02-19T13:47:44.143+0000] {dagbag.py:536} INFO - Filling up the DagBag from /opt/airflow/dags/weather_dag.py
[2026-02-19T13:47:44.526+0000] {logging_mixin.py:154} INFO - [2026-02-19T13:47:44.454+0000] {dagbag.py:346} ERROR - Failed to import: /opt/airflow/dags/weather_dag.py
Traceback (most recent call last):
  File "/home/airflow/.local/lib/python3.8/site-packages/airflow/models/dagbag.py", line 342, in parse
    loader.exec_module(new_module)
  File "<frozen importlib._bootstrap_external>", line 843, in exec_module
  File "<frozen importlib._bootstrap>", line 219, in _call_with_frames_removed
  File "/opt/airflow/dags/weather_dag.py", line 3, in <module>
    from airflow.providers.microsoft.mssql.hooks.mssql import MsSqlHook
ModuleNotFoundError: No module named 'airflow.providers.microsoft.mssql'
[2026-02-19T13:47:44.541+0000] {processor.py:841} WARNING - No viable dags retrieved from /opt/airflow/dags/weather_dag.py
[2026-02-19T13:48:16.390+0000] {processor.py:157} INFO - Started process (PID=246) to work on /opt/airflow/dags/weather_dag.py
[2026-02-19T13:48:16.393+0000] {processor.py:829} INFO - Processing file /opt/airflow/dags/weather_dag.py for tasks to queue
[2026-02-19T13:48:16.395+0000] {logging_mixin.py:154} INFO - [2026-02-19T13:48:16.394+0000] {dagbag.py:536} INFO - Filling up the DagBag from /opt/airflow/dags/weather_dag.py
[2026-02-19T13:48:16.456+0000] {logging_mixin.py:154} INFO - [2026-02-19T13:48:16.440+0000] {dagbag.py:346} ERROR - Failed to import: /opt/airflow/dags/weather_dag.py
Traceback (most recent call last):
  File "/home/airflow/.local/lib/python3.8/site-packages/airflow/models/dagbag.py", line 342, in parse
    loader.exec_module(new_module)
  File "<frozen importlib._bootstrap_external>", line 843, in exec_module
  File "<frozen importlib._bootstrap>", line 219, in _call_with_frames_removed
  File "/opt/airflow/dags/weather_dag.py", line 3, in <module>
    from airflow.providers.microsoft.mssql.hooks.mssql import MsSqlHook
ModuleNotFoundError: No module named 'airflow.providers.microsoft.mssql'
[2026-02-19T13:48:16.459+0000] {processor.py:841} WARNING - No viable dags retrieved from /opt/airflow/dags/weather_dag.py
[2026-02-19T13:48:30.093+0000] {processor.py:182} ERROR - Got an exception! Propagating...
Traceback (most recent call last):
  File "/home/airflow/.local/lib/python3.8/site-packages/sqlalchemy/engine/base.py", line 3371, in _wrap_pool_connect
    return fn()
  File "/home/airflow/.local/lib/python3.8/site-packages/sqlalchemy/pool/base.py", line 327, in connect
    return _ConnectionFairy._checkout(self)
  File "/home/airflow/.local/lib/python3.8/site-packages/sqlalchemy/pool/base.py", line 894, in _checkout
    fairy = _ConnectionRecord.checkout(pool)
  File "/home/airflow/.local/lib/python3.8/site-packages/sqlalchemy/pool/base.py", line 493, in checkout
    rec = pool._do_get()
  File "/home/airflow/.local/lib/python3.8/site-packages/sqlalchemy/pool/impl.py", line 146, in _do_get
    self._dec_overflow()
  File "/home/airflow/.local/lib/python3.8/site-packages/sqlalchemy/util/langhelpers.py", line 70, in __exit__
    compat.raise_(
  File "/home/airflow/.local/lib/python3.8/site-packages/sqlalchemy/util/compat.py", line 211, in raise_
    raise exception
  File "/home/airflow/.local/lib/python3.8/site-packages/sqlalchemy/pool/impl.py", line 143, in _do_get
    return self._create_connection()
  File "/home/airflow/.local/lib/python3.8/site-packages/sqlalchemy/pool/base.py", line 273, in _create_connection
    return _ConnectionRecord(self)
  File "/home/airflow/.local/lib/python3.8/site-packages/sqlalchemy/pool/base.py", line 388, in __init__
    self.__connect()
  File "/home/airflow/.local/lib/python3.8/site-packages/sqlalchemy/pool/base.py", line 691, in __connect
    pool.logger.debug("Error on connect(): %s", e)
  File "/home/airflow/.local/lib/python3.8/site-packages/sqlalchemy/util/langhelpers.py", line 70, in __exit__
    compat.raise_(
  File "/home/airflow/.local/lib/python3.8/site-packages/sqlalchemy/util/compat.py", line 211, in raise_
    raise exception
  File "/home/airflow/.local/lib/python3.8/site-packages/sqlalchemy/pool/base.py", line 686, in __connect
    self.dbapi_connection = connection = pool._invoke_creator(self)
  File "/home/airflow/.local/lib/python3.8/site-packages/sqlalchemy/engine/create.py", line 574, in connect
    return dialect.connect(*cargs, **cparams)
  File "/home/airflow/.local/lib/python3.8/site-packages/sqlalchemy/engine/default.py", line 598, in connect
    return self.dbapi.connect(*cargs, **cparams)
  File "/home/airflow/.local/lib/python3.8/site-packages/psycopg2/__init__.py", line 122, in connect
    conn = _connect(dsn, connection_factory=connection_factory, **kwasync)
psycopg2.OperationalError: could not translate host name "postgres" to address: Temporary failure in name resolution


The above exception was the direct cause of the following exception:

Traceback (most recent call last):
  File "/home/airflow/.local/lib/python3.8/site-packages/airflow/dag_processing/processor.py", line 178, in _run_file_processor
    _handle_dag_file_processing()
  File "/home/airflow/.local/lib/python3.8/site-packages/airflow/dag_processing/processor.py", line 159, in _handle_dag_file_processing
    result: tuple[int, int] = dag_file_processor.process_file(
  File "/home/airflow/.local/lib/python3.8/site-packages/airflow/utils/session.py", line 79, in wrapper
    return func(*args, session=session, **kwargs)
  File "/home/airflow/.local/lib/python3.8/site-packages/airflow/dag_processing/processor.py", line 842, in process_file
    DagFileProcessor.update_import_errors(
  File "/home/airflow/.local/lib/python3.8/site-packages/airflow/api_internal/internal_api_call.py", line 114, in wrapper
    return func(*args, **kwargs)
  File "/home/airflow/.local/lib/python3.8/site-packages/airflow/utils/session.py", line 76, in wrapper
    return func(*args, **kwargs)
  File "/home/airflow/.local/lib/python3.8/site-packages/airflow/dag_processing/processor.py", line 625, in update_import_errors
    existing_import_error_files = [x.filename for x in session.query(errors.ImportError.filename).all()]
  File "/home/airflow/.local/lib/python3.8/site-packages/sqlalchemy/orm/query.py", line 2773, in all
    return self._iter().all()
  File "/home/airflow/.local/lib/python3.8/site-packages/sqlalchemy/orm/query.py", line 2916, in _iter
    result = self.session.execute(
  File "/home/airflow/.local/lib/python3.8/site-packages/sqlalchemy/orm/session.py", line 1716, in execute
    conn = self._connection_for_bind(bind)
  File "/home/airflow/.local/lib/python3.8/site-packages/sqlalchemy/orm/session.py", line 1555, in _connection_for_bind
    return self._transaction._connection_for_bind(
  File "/home/airflow/.local/lib/python3.8/site-packages/sqlalchemy/orm/session.py", line 750, in _connection_for_bind
    conn = bind.connect()
  File "/home/airflow/.local/lib/python3.8/site-packages/sqlalchemy/future/engine.py", line 406, in connect
    return super(Engine, self).connect()
  File "/home/airflow/.local/lib/python3.8/site-packages/sqlalchemy/engine/base.py", line 3325, in connect
    return self._connection_cls(self, close_with_result=close_with_result)
  File "/home/airflow/.local/lib/python3.8/site-packages/sqlalchemy/engine/base.py", line 96, in __init__
    else engine.raw_connection()
  File "/home/airflow/.local/lib/python3.8/site-packages/sqlalchemy/engine/base.py", line 3404, in raw_connection
    return self._wrap_pool_connect(self.pool.connect, _connection)
  File "/home/airflow/.local/lib/python3.8/site-packages/sqlalchemy/engine/base.py", line 3374, in _wrap_pool_connect
    Connection._handle_dbapi_exception_noconnection(
  File "/home/airflow/.local/lib/python3.8/site-packages/sqlalchemy/engine/base.py", line 2208, in _handle_dbapi_exception_noconnection
    util.raise_(
  File "/home/airflow/.local/lib/python3.8/site-packages/sqlalchemy/util/compat.py", line 211, in raise_
    raise exception
  File "/home/airflow/.local/lib/python3.8/site-packages/sqlalchemy/engine/base.py", line 3371, in _wrap_pool_connect
    return fn()
  File "/home/airflow/.local/lib/python3.8/site-packages/sqlalchemy/pool/base.py", line 327, in connect
    return _ConnectionFairy._checkout(self)
  File "/home/airflow/.local/lib/python3.8/site-packages/sqlalchemy/pool/base.py", line 894, in _checkout
    fairy = _ConnectionRecord.checkout(pool)
  File "/home/airflow/.local/lib/python3.8/site-packages/sqlalchemy/pool/base.py", line 493, in checkout
    rec = pool._do_get()
  File "/home/airflow/.local/lib/python3.8/site-packages/sqlalchemy/pool/impl.py", line 146, in _do_get
    self._dec_overflow()
  File "/home/airflow/.local/lib/python3.8/site-packages/sqlalchemy/util/langhelpers.py", line 70, in __exit__
    compat.raise_(
  File "/home/airflow/.local/lib/python3.8/site-packages/sqlalchemy/util/compat.py", line 211, in raise_
    raise exception
  File "/home/airflow/.local/lib/python3.8/site-packages/sqlalchemy/pool/impl.py", line 143, in _do_get
    return self._create_connection()
  File "/home/airflow/.local/lib/python3.8/site-packages/sqlalchemy/pool/base.py", line 273, in _create_connection
    return _ConnectionRecord(self)
  File "/home/airflow/.local/lib/python3.8/site-packages/sqlalchemy/pool/base.py", line 388, in __init__
    self.__connect()
  File "/home/airflow/.local/lib/python3.8/site-packages/sqlalchemy/pool/base.py", line 691, in __connect
    pool.logger.debug("Error on connect(): %s", e)
  File "/home/airflow/.local/lib/python3.8/site-packages/sqlalchemy/util/langhelpers.py", line 70, in __exit__
    compat.raise_(
  File "/home/airflow/.local/lib/python3.8/site-packages/sqlalchemy/util/compat.py", line 211, in raise_
    raise exception
  File "/home/airflow/.local/lib/python3.8/site-packages/sqlalchemy/pool/base.py", line 686, in __connect
    self.dbapi_connection = connection = pool._invoke_creator(self)
  File "/home/airflow/.local/lib/python3.8/site-packages/sqlalchemy/engine/create.py", line 574, in connect
    return dialect.connect(*cargs, **cparams)
  File "/home/airflow/.local/lib/python3.8/site-packages/sqlalchemy/engine/default.py", line 598, in connect
    return self.dbapi.connect(*cargs, **cparams)
  File "/home/airflow/.local/lib/python3.8/site-packages/psycopg2/__init__.py", line 122, in connect
    conn = _connect(dsn, connection_factory=connection_factory, **kwasync)
sqlalchemy.exc.OperationalError: (psycopg2.OperationalError) could not translate host name "postgres" to address: Temporary failure in name resolution

(Background on this error at: https://sqlalche.me/e/14/e3q8)
[2026-02-19T13:49:02.999+0000] {processor.py:157} INFO - Started process (PID=251) to work on /opt/airflow/dags/weather_dag.py
[2026-02-19T13:49:03.000+0000] {processor.py:829} INFO - Processing file /opt/airflow/dags/weather_dag.py for tasks to queue
[2026-02-19T13:49:03.004+0000] {logging_mixin.py:154} INFO - [2026-02-19T13:49:03.002+0000] {dagbag.py:536} INFO - Filling up the DagBag from /opt/airflow/dags/weather_dag.py
[2026-02-19T13:49:03.064+0000] {logging_mixin.py:154} INFO - [2026-02-19T13:49:03.049+0000] {dagbag.py:346} ERROR - Failed to import: /opt/airflow/dags/weather_dag.py
Traceback (most recent call last):
  File "/home/airflow/.local/lib/python3.8/site-packages/airflow/models/dagbag.py", line 342, in parse
    loader.exec_module(new_module)
  File "<frozen importlib._bootstrap_external>", line 843, in exec_module
  File "<frozen importlib._bootstrap>", line 219, in _call_with_frames_removed
  File "/opt/airflow/dags/weather_dag.py", line 3, in <module>
    from airflow.providers.microsoft.mssql.hooks.mssql import MsSqlHook
ModuleNotFoundError: No module named 'airflow.providers.microsoft.mssql'
[2026-02-19T13:49:03.068+0000] {processor.py:841} WARNING - No viable dags retrieved from /opt/airflow/dags/weather_dag.py
[2026-02-19T13:49:13.108+0000] {processor.py:182} ERROR - Got an exception! Propagating...
Traceback (most recent call last):
  File "/home/airflow/.local/lib/python3.8/site-packages/sqlalchemy/engine/base.py", line 3371, in _wrap_pool_connect
    return fn()
  File "/home/airflow/.local/lib/python3.8/site-packages/sqlalchemy/pool/base.py", line 327, in connect
    return _ConnectionFairy._checkout(self)
  File "/home/airflow/.local/lib/python3.8/site-packages/sqlalchemy/pool/base.py", line 894, in _checkout
    fairy = _ConnectionRecord.checkout(pool)
  File "/home/airflow/.local/lib/python3.8/site-packages/sqlalchemy/pool/base.py", line 493, in checkout
    rec = pool._do_get()
  File "/home/airflow/.local/lib/python3.8/site-packages/sqlalchemy/pool/impl.py", line 146, in _do_get
    self._dec_overflow()
  File "/home/airflow/.local/lib/python3.8/site-packages/sqlalchemy/util/langhelpers.py", line 70, in __exit__
    compat.raise_(
  File "/home/airflow/.local/lib/python3.8/site-packages/sqlalchemy/util/compat.py", line 211, in raise_
    raise exception
  File "/home/airflow/.local/lib/python3.8/site-packages/sqlalchemy/pool/impl.py", line 143, in _do_get
    return self._create_connection()
  File "/home/airflow/.local/lib/python3.8/site-packages/sqlalchemy/pool/base.py", line 273, in _create_connection
    return _ConnectionRecord(self)
  File "/home/airflow/.local/lib/python3.8/site-packages/sqlalchemy/pool/base.py", line 388, in __init__
    self.__connect()
  File "/home/airflow/.local/lib/python3.8/site-packages/sqlalchemy/pool/base.py", line 691, in __connect
    pool.logger.debug("Error on connect(): %s", e)
  File "/home/airflow/.local/lib/python3.8/site-packages/sqlalchemy/util/langhelpers.py", line 70, in __exit__
    compat.raise_(
  File "/home/airflow/.local/lib/python3.8/site-packages/sqlalchemy/util/compat.py", line 211, in raise_
    raise exception
  File "/home/airflow/.local/lib/python3.8/site-packages/sqlalchemy/pool/base.py", line 686, in __connect
    self.dbapi_connection = connection = pool._invoke_creator(self)
  File "/home/airflow/.local/lib/python3.8/site-packages/sqlalchemy/engine/create.py", line 574, in connect
    return dialect.connect(*cargs, **cparams)
  File "/home/airflow/.local/lib/python3.8/site-packages/sqlalchemy/engine/default.py", line 598, in connect
    return self.dbapi.connect(*cargs, **cparams)
  File "/home/airflow/.local/lib/python3.8/site-packages/psycopg2/__init__.py", line 122, in connect
    conn = _connect(dsn, connection_factory=connection_factory, **kwasync)
psycopg2.OperationalError: could not translate host name "postgres" to address: Temporary failure in name resolution


The above exception was the direct cause of the following exception:

Traceback (most recent call last):
  File "/home/airflow/.local/lib/python3.8/site-packages/airflow/dag_processing/processor.py", line 178, in _run_file_processor
    _handle_dag_file_processing()
  File "/home/airflow/.local/lib/python3.8/site-packages/airflow/dag_processing/processor.py", line 159, in _handle_dag_file_processing
    result: tuple[int, int] = dag_file_processor.process_file(
  File "/home/airflow/.local/lib/python3.8/site-packages/airflow/utils/session.py", line 79, in wrapper
    return func(*args, session=session, **kwargs)
  File "/home/airflow/.local/lib/python3.8/site-packages/airflow/dag_processing/processor.py", line 842, in process_file
    DagFileProcessor.update_import_errors(
  File "/home/airflow/.local/lib/python3.8/site-packages/airflow/api_internal/internal_api_call.py", line 114, in wrapper
    return func(*args, **kwargs)
  File "/home/airflow/.local/lib/python3.8/site-packages/airflow/utils/session.py", line 76, in wrapper
    return func(*args, **kwargs)
  File "/home/airflow/.local/lib/python3.8/site-packages/airflow/dag_processing/processor.py", line 625, in update_import_errors
    existing_import_error_files = [x.filename for x in session.query(errors.ImportError.filename).all()]
  File "/home/airflow/.local/lib/python3.8/site-packages/sqlalchemy/orm/query.py", line 2773, in all
    return self._iter().all()
  File "/home/airflow/.local/lib/python3.8/site-packages/sqlalchemy/orm/query.py", line 2916, in _iter
    result = self.session.execute(
  File "/home/airflow/.local/lib/python3.8/site-packages/sqlalchemy/orm/session.py", line 1716, in execute
    conn = self._connection_for_bind(bind)
  File "/home/airflow/.local/lib/python3.8/site-packages/sqlalchemy/orm/session.py", line 1555, in _connection_for_bind
    return self._transaction._connection_for_bind(
  File "/home/airflow/.local/lib/python3.8/site-packages/sqlalchemy/orm/session.py", line 750, in _connection_for_bind
    conn = bind.connect()
  File "/home/airflow/.local/lib/python3.8/site-packages/sqlalchemy/future/engine.py", line 406, in connect
    return super(Engine, self).connect()
  File "/home/airflow/.local/lib/python3.8/site-packages/sqlalchemy/engine/base.py", line 3325, in connect
    return self._connection_cls(self, close_with_result=close_with_result)
  File "/home/airflow/.local/lib/python3.8/site-packages/sqlalchemy/engine/base.py", line 96, in __init__
    else engine.raw_connection()
  File "/home/airflow/.local/lib/python3.8/site-packages/sqlalchemy/engine/base.py", line 3404, in raw_connection
    return self._wrap_pool_connect(self.pool.connect, _connection)
  File "/home/airflow/.local/lib/python3.8/site-packages/sqlalchemy/engine/base.py", line 3374, in _wrap_pool_connect
    Connection._handle_dbapi_exception_noconnection(
  File "/home/airflow/.local/lib/python3.8/site-packages/sqlalchemy/engine/base.py", line 2208, in _handle_dbapi_exception_noconnection
    util.raise_(
  File "/home/airflow/.local/lib/python3.8/site-packages/sqlalchemy/util/compat.py", line 211, in raise_
    raise exception
  File "/home/airflow/.local/lib/python3.8/site-packages/sqlalchemy/engine/base.py", line 3371, in _wrap_pool_connect
    return fn()
  File "/home/airflow/.local/lib/python3.8/site-packages/sqlalchemy/pool/base.py", line 327, in connect
    return _ConnectionFairy._checkout(self)
  File "/home/airflow/.local/lib/python3.8/site-packages/sqlalchemy/pool/base.py", line 894, in _checkout
    fairy = _ConnectionRecord.checkout(pool)
  File "/home/airflow/.local/lib/python3.8/site-packages/sqlalchemy/pool/base.py", line 493, in checkout
    rec = pool._do_get()
  File "/home/airflow/.local/lib/python3.8/site-packages/sqlalchemy/pool/impl.py", line 146, in _do_get
    self._dec_overflow()
  File "/home/airflow/.local/lib/python3.8/site-packages/sqlalchemy/util/langhelpers.py", line 70, in __exit__
    compat.raise_(
  File "/home/airflow/.local/lib/python3.8/site-packages/sqlalchemy/util/compat.py", line 211, in raise_
    raise exception
  File "/home/airflow/.local/lib/python3.8/site-packages/sqlalchemy/pool/impl.py", line 143, in _do_get
    return self._create_connection()
  File "/home/airflow/.local/lib/python3.8/site-packages/sqlalchemy/pool/base.py", line 273, in _create_connection
    return _ConnectionRecord(self)
  File "/home/airflow/.local/lib/python3.8/site-packages/sqlalchemy/pool/base.py", line 388, in __init__
    self.__connect()
  File "/home/airflow/.local/lib/python3.8/site-packages/sqlalchemy/pool/base.py", line 691, in __connect
    pool.logger.debug("Error on connect(): %s", e)
  File "/home/airflow/.local/lib/python3.8/site-packages/sqlalchemy/util/langhelpers.py", line 70, in __exit__
    compat.raise_(
  File "/home/airflow/.local/lib/python3.8/site-packages/sqlalchemy/util/compat.py", line 211, in raise_
    raise exception
  File "/home/airflow/.local/lib/python3.8/site-packages/sqlalchemy/pool/base.py", line 686, in __connect
    self.dbapi_connection = connection = pool._invoke_creator(self)
  File "/home/airflow/.local/lib/python3.8/site-packages/sqlalchemy/engine/create.py", line 574, in connect
    return dialect.connect(*cargs, **cparams)
  File "/home/airflow/.local/lib/python3.8/site-packages/sqlalchemy/engine/default.py", line 598, in connect
    return self.dbapi.connect(*cargs, **cparams)
  File "/home/airflow/.local/lib/python3.8/site-packages/psycopg2/__init__.py", line 122, in connect
    conn = _connect(dsn, connection_factory=connection_factory, **kwasync)
sqlalchemy.exc.OperationalError: (psycopg2.OperationalError) could not translate host name "postgres" to address: Temporary failure in name resolution

(Background on this error at: https://sqlalche.me/e/14/e3q8)
[2026-02-19T13:49:43.962+0000] {processor.py:157} INFO - Started process (PID=256) to work on /opt/airflow/dags/weather_dag.py
[2026-02-19T13:49:43.970+0000] {processor.py:829} INFO - Processing file /opt/airflow/dags/weather_dag.py for tasks to queue
[2026-02-19T13:49:43.975+0000] {logging_mixin.py:154} INFO - [2026-02-19T13:49:43.973+0000] {dagbag.py:536} INFO - Filling up the DagBag from /opt/airflow/dags/weather_dag.py
[2026-02-19T13:49:44.177+0000] {logging_mixin.py:154} INFO - [2026-02-19T13:49:44.137+0000] {dagbag.py:346} ERROR - Failed to import: /opt/airflow/dags/weather_dag.py
Traceback (most recent call last):
  File "/home/airflow/.local/lib/python3.8/site-packages/airflow/models/dagbag.py", line 342, in parse
    loader.exec_module(new_module)
  File "<frozen importlib._bootstrap_external>", line 843, in exec_module
  File "<frozen importlib._bootstrap>", line 219, in _call_with_frames_removed
  File "/opt/airflow/dags/weather_dag.py", line 3, in <module>
    from airflow.providers.microsoft.mssql.hooks.mssql import MsSqlHook
ModuleNotFoundError: No module named 'airflow.providers.microsoft.mssql'
[2026-02-19T13:49:44.195+0000] {processor.py:841} WARNING - No viable dags retrieved from /opt/airflow/dags/weather_dag.py
[2026-02-19T13:49:54.240+0000] {processor.py:182} ERROR - Got an exception! Propagating...
Traceback (most recent call last):
  File "/home/airflow/.local/lib/python3.8/site-packages/sqlalchemy/engine/base.py", line 3371, in _wrap_pool_connect
    return fn()
  File "/home/airflow/.local/lib/python3.8/site-packages/sqlalchemy/pool/base.py", line 327, in connect
    return _ConnectionFairy._checkout(self)
  File "/home/airflow/.local/lib/python3.8/site-packages/sqlalchemy/pool/base.py", line 894, in _checkout
    fairy = _ConnectionRecord.checkout(pool)
  File "/home/airflow/.local/lib/python3.8/site-packages/sqlalchemy/pool/base.py", line 493, in checkout
    rec = pool._do_get()
  File "/home/airflow/.local/lib/python3.8/site-packages/sqlalchemy/pool/impl.py", line 146, in _do_get
    self._dec_overflow()
  File "/home/airflow/.local/lib/python3.8/site-packages/sqlalchemy/util/langhelpers.py", line 70, in __exit__
    compat.raise_(
  File "/home/airflow/.local/lib/python3.8/site-packages/sqlalchemy/util/compat.py", line 211, in raise_
    raise exception
  File "/home/airflow/.local/lib/python3.8/site-packages/sqlalchemy/pool/impl.py", line 143, in _do_get
    return self._create_connection()
  File "/home/airflow/.local/lib/python3.8/site-packages/sqlalchemy/pool/base.py", line 273, in _create_connection
    return _ConnectionRecord(self)
  File "/home/airflow/.local/lib/python3.8/site-packages/sqlalchemy/pool/base.py", line 388, in __init__
    self.__connect()
  File "/home/airflow/.local/lib/python3.8/site-packages/sqlalchemy/pool/base.py", line 691, in __connect
    pool.logger.debug("Error on connect(): %s", e)
  File "/home/airflow/.local/lib/python3.8/site-packages/sqlalchemy/util/langhelpers.py", line 70, in __exit__
    compat.raise_(
  File "/home/airflow/.local/lib/python3.8/site-packages/sqlalchemy/util/compat.py", line 211, in raise_
    raise exception
  File "/home/airflow/.local/lib/python3.8/site-packages/sqlalchemy/pool/base.py", line 686, in __connect
    self.dbapi_connection = connection = pool._invoke_creator(self)
  File "/home/airflow/.local/lib/python3.8/site-packages/sqlalchemy/engine/create.py", line 574, in connect
    return dialect.connect(*cargs, **cparams)
  File "/home/airflow/.local/lib/python3.8/site-packages/sqlalchemy/engine/default.py", line 598, in connect
    return self.dbapi.connect(*cargs, **cparams)
  File "/home/airflow/.local/lib/python3.8/site-packages/psycopg2/__init__.py", line 122, in connect
    conn = _connect(dsn, connection_factory=connection_factory, **kwasync)
psycopg2.OperationalError: could not translate host name "postgres" to address: Temporary failure in name resolution


The above exception was the direct cause of the following exception:

Traceback (most recent call last):
  File "/home/airflow/.local/lib/python3.8/site-packages/airflow/dag_processing/processor.py", line 178, in _run_file_processor
    _handle_dag_file_processing()
  File "/home/airflow/.local/lib/python3.8/site-packages/airflow/dag_processing/processor.py", line 159, in _handle_dag_file_processing
    result: tuple[int, int] = dag_file_processor.process_file(
  File "/home/airflow/.local/lib/python3.8/site-packages/airflow/utils/session.py", line 79, in wrapper
    return func(*args, session=session, **kwargs)
  File "/home/airflow/.local/lib/python3.8/site-packages/airflow/dag_processing/processor.py", line 842, in process_file
    DagFileProcessor.update_import_errors(
  File "/home/airflow/.local/lib/python3.8/site-packages/airflow/api_internal/internal_api_call.py", line 114, in wrapper
    return func(*args, **kwargs)
  File "/home/airflow/.local/lib/python3.8/site-packages/airflow/utils/session.py", line 76, in wrapper
    return func(*args, **kwargs)
  File "/home/airflow/.local/lib/python3.8/site-packages/airflow/dag_processing/processor.py", line 625, in update_import_errors
    existing_import_error_files = [x.filename for x in session.query(errors.ImportError.filename).all()]
  File "/home/airflow/.local/lib/python3.8/site-packages/sqlalchemy/orm/query.py", line 2773, in all
    return self._iter().all()
  File "/home/airflow/.local/lib/python3.8/site-packages/sqlalchemy/orm/query.py", line 2916, in _iter
    result = self.session.execute(
  File "/home/airflow/.local/lib/python3.8/site-packages/sqlalchemy/orm/session.py", line 1716, in execute
    conn = self._connection_for_bind(bind)
  File "/home/airflow/.local/lib/python3.8/site-packages/sqlalchemy/orm/session.py", line 1555, in _connection_for_bind
    return self._transaction._connection_for_bind(
  File "/home/airflow/.local/lib/python3.8/site-packages/sqlalchemy/orm/session.py", line 750, in _connection_for_bind
    conn = bind.connect()
  File "/home/airflow/.local/lib/python3.8/site-packages/sqlalchemy/future/engine.py", line 406, in connect
    return super(Engine, self).connect()
  File "/home/airflow/.local/lib/python3.8/site-packages/sqlalchemy/engine/base.py", line 3325, in connect
    return self._connection_cls(self, close_with_result=close_with_result)
  File "/home/airflow/.local/lib/python3.8/site-packages/sqlalchemy/engine/base.py", line 96, in __init__
    else engine.raw_connection()
  File "/home/airflow/.local/lib/python3.8/site-packages/sqlalchemy/engine/base.py", line 3404, in raw_connection
    return self._wrap_pool_connect(self.pool.connect, _connection)
  File "/home/airflow/.local/lib/python3.8/site-packages/sqlalchemy/engine/base.py", line 3374, in _wrap_pool_connect
    Connection._handle_dbapi_exception_noconnection(
  File "/home/airflow/.local/lib/python3.8/site-packages/sqlalchemy/engine/base.py", line 2208, in _handle_dbapi_exception_noconnection
    util.raise_(
  File "/home/airflow/.local/lib/python3.8/site-packages/sqlalchemy/util/compat.py", line 211, in raise_
    raise exception
  File "/home/airflow/.local/lib/python3.8/site-packages/sqlalchemy/engine/base.py", line 3371, in _wrap_pool_connect
    return fn()
  File "/home/airflow/.local/lib/python3.8/site-packages/sqlalchemy/pool/base.py", line 327, in connect
    return _ConnectionFairy._checkout(self)
  File "/home/airflow/.local/lib/python3.8/site-packages/sqlalchemy/pool/base.py", line 894, in _checkout
    fairy = _ConnectionRecord.checkout(pool)
  File "/home/airflow/.local/lib/python3.8/site-packages/sqlalchemy/pool/base.py", line 493, in checkout
    rec = pool._do_get()
  File "/home/airflow/.local/lib/python3.8/site-packages/sqlalchemy/pool/impl.py", line 146, in _do_get
    self._dec_overflow()
  File "/home/airflow/.local/lib/python3.8/site-packages/sqlalchemy/util/langhelpers.py", line 70, in __exit__
    compat.raise_(
  File "/home/airflow/.local/lib/python3.8/site-packages/sqlalchemy/util/compat.py", line 211, in raise_
    raise exception
  File "/home/airflow/.local/lib/python3.8/site-packages/sqlalchemy/pool/impl.py", line 143, in _do_get
    return self._create_connection()
  File "/home/airflow/.local/lib/python3.8/site-packages/sqlalchemy/pool/base.py", line 273, in _create_connection
    return _ConnectionRecord(self)
  File "/home/airflow/.local/lib/python3.8/site-packages/sqlalchemy/pool/base.py", line 388, in __init__
    self.__connect()
  File "/home/airflow/.local/lib/python3.8/site-packages/sqlalchemy/pool/base.py", line 691, in __connect
    pool.logger.debug("Error on connect(): %s", e)
  File "/home/airflow/.local/lib/python3.8/site-packages/sqlalchemy/util/langhelpers.py", line 70, in __exit__
    compat.raise_(
  File "/home/airflow/.local/lib/python3.8/site-packages/sqlalchemy/util/compat.py", line 211, in raise_
    raise exception
  File "/home/airflow/.local/lib/python3.8/site-packages/sqlalchemy/pool/base.py", line 686, in __connect
    self.dbapi_connection = connection = pool._invoke_creator(self)
  File "/home/airflow/.local/lib/python3.8/site-packages/sqlalchemy/engine/create.py", line 574, in connect
    return dialect.connect(*cargs, **cparams)
  File "/home/airflow/.local/lib/python3.8/site-packages/sqlalchemy/engine/default.py", line 598, in connect
    return self.dbapi.connect(*cargs, **cparams)
  File "/home/airflow/.local/lib/python3.8/site-packages/psycopg2/__init__.py", line 122, in connect
    conn = _connect(dsn, connection_factory=connection_factory, **kwasync)
sqlalchemy.exc.OperationalError: (psycopg2.OperationalError) could not translate host name "postgres" to address: Temporary failure in name resolution

(Background on this error at: https://sqlalche.me/e/14/e3q8)
[2026-02-19T13:50:24.535+0000] {processor.py:157} INFO - Started process (PID=261) to work on /opt/airflow/dags/weather_dag.py
[2026-02-19T13:50:24.537+0000] {processor.py:829} INFO - Processing file /opt/airflow/dags/weather_dag.py for tasks to queue
[2026-02-19T13:50:24.540+0000] {logging_mixin.py:154} INFO - [2026-02-19T13:50:24.538+0000] {dagbag.py:536} INFO - Filling up the DagBag from /opt/airflow/dags/weather_dag.py
[2026-02-19T13:50:24.594+0000] {logging_mixin.py:154} INFO - [2026-02-19T13:50:24.583+0000] {dagbag.py:346} ERROR - Failed to import: /opt/airflow/dags/weather_dag.py
Traceback (most recent call last):
  File "/home/airflow/.local/lib/python3.8/site-packages/airflow/models/dagbag.py", line 342, in parse
    loader.exec_module(new_module)
  File "<frozen importlib._bootstrap_external>", line 843, in exec_module
  File "<frozen importlib._bootstrap>", line 219, in _call_with_frames_removed
  File "/opt/airflow/dags/weather_dag.py", line 3, in <module>
    from airflow.providers.microsoft.mssql.hooks.mssql import MsSqlHook
ModuleNotFoundError: No module named 'airflow.providers.microsoft.mssql'
[2026-02-19T13:50:24.597+0000] {processor.py:841} WARNING - No viable dags retrieved from /opt/airflow/dags/weather_dag.py
[2026-02-19T13:50:34.627+0000] {processor.py:182} ERROR - Got an exception! Propagating...
Traceback (most recent call last):
  File "/home/airflow/.local/lib/python3.8/site-packages/sqlalchemy/engine/base.py", line 3371, in _wrap_pool_connect
    return fn()
  File "/home/airflow/.local/lib/python3.8/site-packages/sqlalchemy/pool/base.py", line 327, in connect
    return _ConnectionFairy._checkout(self)
  File "/home/airflow/.local/lib/python3.8/site-packages/sqlalchemy/pool/base.py", line 894, in _checkout
    fairy = _ConnectionRecord.checkout(pool)
  File "/home/airflow/.local/lib/python3.8/site-packages/sqlalchemy/pool/base.py", line 493, in checkout
    rec = pool._do_get()
  File "/home/airflow/.local/lib/python3.8/site-packages/sqlalchemy/pool/impl.py", line 146, in _do_get
    self._dec_overflow()
  File "/home/airflow/.local/lib/python3.8/site-packages/sqlalchemy/util/langhelpers.py", line 70, in __exit__
    compat.raise_(
  File "/home/airflow/.local/lib/python3.8/site-packages/sqlalchemy/util/compat.py", line 211, in raise_
    raise exception
  File "/home/airflow/.local/lib/python3.8/site-packages/sqlalchemy/pool/impl.py", line 143, in _do_get
    return self._create_connection()
  File "/home/airflow/.local/lib/python3.8/site-packages/sqlalchemy/pool/base.py", line 273, in _create_connection
    return _ConnectionRecord(self)
  File "/home/airflow/.local/lib/python3.8/site-packages/sqlalchemy/pool/base.py", line 388, in __init__
    self.__connect()
  File "/home/airflow/.local/lib/python3.8/site-packages/sqlalchemy/pool/base.py", line 691, in __connect
    pool.logger.debug("Error on connect(): %s", e)
  File "/home/airflow/.local/lib/python3.8/site-packages/sqlalchemy/util/langhelpers.py", line 70, in __exit__
    compat.raise_(
  File "/home/airflow/.local/lib/python3.8/site-packages/sqlalchemy/util/compat.py", line 211, in raise_
    raise exception
  File "/home/airflow/.local/lib/python3.8/site-packages/sqlalchemy/pool/base.py", line 686, in __connect
    self.dbapi_connection = connection = pool._invoke_creator(self)
  File "/home/airflow/.local/lib/python3.8/site-packages/sqlalchemy/engine/create.py", line 574, in connect
    return dialect.connect(*cargs, **cparams)
  File "/home/airflow/.local/lib/python3.8/site-packages/sqlalchemy/engine/default.py", line 598, in connect
    return self.dbapi.connect(*cargs, **cparams)
  File "/home/airflow/.local/lib/python3.8/site-packages/psycopg2/__init__.py", line 122, in connect
    conn = _connect(dsn, connection_factory=connection_factory, **kwasync)
psycopg2.OperationalError: could not translate host name "postgres" to address: Temporary failure in name resolution


The above exception was the direct cause of the following exception:

Traceback (most recent call last):
  File "/home/airflow/.local/lib/python3.8/site-packages/airflow/dag_processing/processor.py", line 178, in _run_file_processor
    _handle_dag_file_processing()
  File "/home/airflow/.local/lib/python3.8/site-packages/airflow/dag_processing/processor.py", line 159, in _handle_dag_file_processing
    result: tuple[int, int] = dag_file_processor.process_file(
  File "/home/airflow/.local/lib/python3.8/site-packages/airflow/utils/session.py", line 79, in wrapper
    return func(*args, session=session, **kwargs)
  File "/home/airflow/.local/lib/python3.8/site-packages/airflow/dag_processing/processor.py", line 842, in process_file
    DagFileProcessor.update_import_errors(
  File "/home/airflow/.local/lib/python3.8/site-packages/airflow/api_internal/internal_api_call.py", line 114, in wrapper
    return func(*args, **kwargs)
  File "/home/airflow/.local/lib/python3.8/site-packages/airflow/utils/session.py", line 76, in wrapper
    return func(*args, **kwargs)
  File "/home/airflow/.local/lib/python3.8/site-packages/airflow/dag_processing/processor.py", line 625, in update_import_errors
    existing_import_error_files = [x.filename for x in session.query(errors.ImportError.filename).all()]
  File "/home/airflow/.local/lib/python3.8/site-packages/sqlalchemy/orm/query.py", line 2773, in all
    return self._iter().all()
  File "/home/airflow/.local/lib/python3.8/site-packages/sqlalchemy/orm/query.py", line 2916, in _iter
    result = self.session.execute(
  File "/home/airflow/.local/lib/python3.8/site-packages/sqlalchemy/orm/session.py", line 1716, in execute
    conn = self._connection_for_bind(bind)
  File "/home/airflow/.local/lib/python3.8/site-packages/sqlalchemy/orm/session.py", line 1555, in _connection_for_bind
    return self._transaction._connection_for_bind(
  File "/home/airflow/.local/lib/python3.8/site-packages/sqlalchemy/orm/session.py", line 750, in _connection_for_bind
    conn = bind.connect()
  File "/home/airflow/.local/lib/python3.8/site-packages/sqlalchemy/future/engine.py", line 406, in connect
    return super(Engine, self).connect()
  File "/home/airflow/.local/lib/python3.8/site-packages/sqlalchemy/engine/base.py", line 3325, in connect
    return self._connection_cls(self, close_with_result=close_with_result)
  File "/home/airflow/.local/lib/python3.8/site-packages/sqlalchemy/engine/base.py", line 96, in __init__
    else engine.raw_connection()
  File "/home/airflow/.local/lib/python3.8/site-packages/sqlalchemy/engine/base.py", line 3404, in raw_connection
    return self._wrap_pool_connect(self.pool.connect, _connection)
  File "/home/airflow/.local/lib/python3.8/site-packages/sqlalchemy/engine/base.py", line 3374, in _wrap_pool_connect
    Connection._handle_dbapi_exception_noconnection(
  File "/home/airflow/.local/lib/python3.8/site-packages/sqlalchemy/engine/base.py", line 2208, in _handle_dbapi_exception_noconnection
    util.raise_(
  File "/home/airflow/.local/lib/python3.8/site-packages/sqlalchemy/util/compat.py", line 211, in raise_
    raise exception
  File "/home/airflow/.local/lib/python3.8/site-packages/sqlalchemy/engine/base.py", line 3371, in _wrap_pool_connect
    return fn()
  File "/home/airflow/.local/lib/python3.8/site-packages/sqlalchemy/pool/base.py", line 327, in connect
    return _ConnectionFairy._checkout(self)
  File "/home/airflow/.local/lib/python3.8/site-packages/sqlalchemy/pool/base.py", line 894, in _checkout
    fairy = _ConnectionRecord.checkout(pool)
  File "/home/airflow/.local/lib/python3.8/site-packages/sqlalchemy/pool/base.py", line 493, in checkout
    rec = pool._do_get()
  File "/home/airflow/.local/lib/python3.8/site-packages/sqlalchemy/pool/impl.py", line 146, in _do_get
    self._dec_overflow()
  File "/home/airflow/.local/lib/python3.8/site-packages/sqlalchemy/util/langhelpers.py", line 70, in __exit__
    compat.raise_(
  File "/home/airflow/.local/lib/python3.8/site-packages/sqlalchemy/util/compat.py", line 211, in raise_
    raise exception
  File "/home/airflow/.local/lib/python3.8/site-packages/sqlalchemy/pool/impl.py", line 143, in _do_get
    return self._create_connection()
  File "/home/airflow/.local/lib/python3.8/site-packages/sqlalchemy/pool/base.py", line 273, in _create_connection
    return _ConnectionRecord(self)
  File "/home/airflow/.local/lib/python3.8/site-packages/sqlalchemy/pool/base.py", line 388, in __init__
    self.__connect()
  File "/home/airflow/.local/lib/python3.8/site-packages/sqlalchemy/pool/base.py", line 691, in __connect
    pool.logger.debug("Error on connect(): %s", e)
  File "/home/airflow/.local/lib/python3.8/site-packages/sqlalchemy/util/langhelpers.py", line 70, in __exit__
    compat.raise_(
  File "/home/airflow/.local/lib/python3.8/site-packages/sqlalchemy/util/compat.py", line 211, in raise_
    raise exception
  File "/home/airflow/.local/lib/python3.8/site-packages/sqlalchemy/pool/base.py", line 686, in __connect
    self.dbapi_connection = connection = pool._invoke_creator(self)
  File "/home/airflow/.local/lib/python3.8/site-packages/sqlalchemy/engine/create.py", line 574, in connect
    return dialect.connect(*cargs, **cparams)
  File "/home/airflow/.local/lib/python3.8/site-packages/sqlalchemy/engine/default.py", line 598, in connect
    return self.dbapi.connect(*cargs, **cparams)
  File "/home/airflow/.local/lib/python3.8/site-packages/psycopg2/__init__.py", line 122, in connect
    conn = _connect(dsn, connection_factory=connection_factory, **kwasync)
sqlalchemy.exc.OperationalError: (psycopg2.OperationalError) could not translate host name "postgres" to address: Temporary failure in name resolution

(Background on this error at: https://sqlalche.me/e/14/e3q8)
[2026-02-19T13:51:07.562+0000] {processor.py:157} INFO - Started process (PID=266) to work on /opt/airflow/dags/weather_dag.py
[2026-02-19T13:51:07.563+0000] {processor.py:829} INFO - Processing file /opt/airflow/dags/weather_dag.py for tasks to queue
[2026-02-19T13:51:07.567+0000] {logging_mixin.py:154} INFO - [2026-02-19T13:51:07.565+0000] {dagbag.py:536} INFO - Filling up the DagBag from /opt/airflow/dags/weather_dag.py
[2026-02-19T13:51:07.617+0000] {logging_mixin.py:154} INFO - [2026-02-19T13:51:07.606+0000] {dagbag.py:346} ERROR - Failed to import: /opt/airflow/dags/weather_dag.py
Traceback (most recent call last):
  File "/home/airflow/.local/lib/python3.8/site-packages/airflow/models/dagbag.py", line 342, in parse
    loader.exec_module(new_module)
  File "<frozen importlib._bootstrap_external>", line 843, in exec_module
  File "<frozen importlib._bootstrap>", line 219, in _call_with_frames_removed
  File "/opt/airflow/dags/weather_dag.py", line 3, in <module>
    from airflow.providers.microsoft.mssql.hooks.mssql import MsSqlHook
ModuleNotFoundError: No module named 'airflow.providers.microsoft.mssql'
[2026-02-19T13:51:07.621+0000] {processor.py:841} WARNING - No viable dags retrieved from /opt/airflow/dags/weather_dag.py
[2026-02-19T13:51:16.482+0000] {processor.py:179} INFO - Processing /opt/airflow/dags/weather_dag.py took 8.931 seconds
[2026-02-19T13:51:46.896+0000] {processor.py:157} INFO - Started process (PID=271) to work on /opt/airflow/dags/weather_dag.py
[2026-02-19T13:51:46.897+0000] {processor.py:829} INFO - Processing file /opt/airflow/dags/weather_dag.py for tasks to queue
[2026-02-19T13:51:46.903+0000] {logging_mixin.py:154} INFO - [2026-02-19T13:51:46.898+0000] {dagbag.py:536} INFO - Filling up the DagBag from /opt/airflow/dags/weather_dag.py
[2026-02-19T13:51:47.027+0000] {logging_mixin.py:154} INFO - [2026-02-19T13:51:46.972+0000] {dagbag.py:346} ERROR - Failed to import: /opt/airflow/dags/weather_dag.py
Traceback (most recent call last):
  File "/home/airflow/.local/lib/python3.8/site-packages/airflow/models/dagbag.py", line 342, in parse
    loader.exec_module(new_module)
  File "<frozen importlib._bootstrap_external>", line 843, in exec_module
  File "<frozen importlib._bootstrap>", line 219, in _call_with_frames_removed
  File "/opt/airflow/dags/weather_dag.py", line 3, in <module>
    from airflow.providers.microsoft.mssql.hooks.mssql import MsSqlHook
ModuleNotFoundError: No module named 'airflow.providers.microsoft.mssql'
[2026-02-19T13:51:47.046+0000] {processor.py:841} WARNING - No viable dags retrieved from /opt/airflow/dags/weather_dag.py
[2026-02-19T13:51:57.090+0000] {processor.py:182} ERROR - Got an exception! Propagating...
Traceback (most recent call last):
  File "/home/airflow/.local/lib/python3.8/site-packages/sqlalchemy/engine/base.py", line 3371, in _wrap_pool_connect
    return fn()
  File "/home/airflow/.local/lib/python3.8/site-packages/sqlalchemy/pool/base.py", line 327, in connect
    return _ConnectionFairy._checkout(self)
  File "/home/airflow/.local/lib/python3.8/site-packages/sqlalchemy/pool/base.py", line 894, in _checkout
    fairy = _ConnectionRecord.checkout(pool)
  File "/home/airflow/.local/lib/python3.8/site-packages/sqlalchemy/pool/base.py", line 493, in checkout
    rec = pool._do_get()
  File "/home/airflow/.local/lib/python3.8/site-packages/sqlalchemy/pool/impl.py", line 146, in _do_get
    self._dec_overflow()
  File "/home/airflow/.local/lib/python3.8/site-packages/sqlalchemy/util/langhelpers.py", line 70, in __exit__
    compat.raise_(
  File "/home/airflow/.local/lib/python3.8/site-packages/sqlalchemy/util/compat.py", line 211, in raise_
    raise exception
  File "/home/airflow/.local/lib/python3.8/site-packages/sqlalchemy/pool/impl.py", line 143, in _do_get
    return self._create_connection()
  File "/home/airflow/.local/lib/python3.8/site-packages/sqlalchemy/pool/base.py", line 273, in _create_connection
    return _ConnectionRecord(self)
  File "/home/airflow/.local/lib/python3.8/site-packages/sqlalchemy/pool/base.py", line 388, in __init__
    self.__connect()
  File "/home/airflow/.local/lib/python3.8/site-packages/sqlalchemy/pool/base.py", line 691, in __connect
    pool.logger.debug("Error on connect(): %s", e)
  File "/home/airflow/.local/lib/python3.8/site-packages/sqlalchemy/util/langhelpers.py", line 70, in __exit__
    compat.raise_(
  File "/home/airflow/.local/lib/python3.8/site-packages/sqlalchemy/util/compat.py", line 211, in raise_
    raise exception
  File "/home/airflow/.local/lib/python3.8/site-packages/sqlalchemy/pool/base.py", line 686, in __connect
    self.dbapi_connection = connection = pool._invoke_creator(self)
  File "/home/airflow/.local/lib/python3.8/site-packages/sqlalchemy/engine/create.py", line 574, in connect
    return dialect.connect(*cargs, **cparams)
  File "/home/airflow/.local/lib/python3.8/site-packages/sqlalchemy/engine/default.py", line 598, in connect
    return self.dbapi.connect(*cargs, **cparams)
  File "/home/airflow/.local/lib/python3.8/site-packages/psycopg2/__init__.py", line 122, in connect
    conn = _connect(dsn, connection_factory=connection_factory, **kwasync)
psycopg2.OperationalError: could not translate host name "postgres" to address: Temporary failure in name resolution


The above exception was the direct cause of the following exception:

Traceback (most recent call last):
  File "/home/airflow/.local/lib/python3.8/site-packages/airflow/dag_processing/processor.py", line 178, in _run_file_processor
    _handle_dag_file_processing()
  File "/home/airflow/.local/lib/python3.8/site-packages/airflow/dag_processing/processor.py", line 159, in _handle_dag_file_processing
    result: tuple[int, int] = dag_file_processor.process_file(
  File "/home/airflow/.local/lib/python3.8/site-packages/airflow/utils/session.py", line 79, in wrapper
    return func(*args, session=session, **kwargs)
  File "/home/airflow/.local/lib/python3.8/site-packages/airflow/dag_processing/processor.py", line 842, in process_file
    DagFileProcessor.update_import_errors(
  File "/home/airflow/.local/lib/python3.8/site-packages/airflow/api_internal/internal_api_call.py", line 114, in wrapper
    return func(*args, **kwargs)
  File "/home/airflow/.local/lib/python3.8/site-packages/airflow/utils/session.py", line 76, in wrapper
    return func(*args, **kwargs)
  File "/home/airflow/.local/lib/python3.8/site-packages/airflow/dag_processing/processor.py", line 625, in update_import_errors
    existing_import_error_files = [x.filename for x in session.query(errors.ImportError.filename).all()]
  File "/home/airflow/.local/lib/python3.8/site-packages/sqlalchemy/orm/query.py", line 2773, in all
    return self._iter().all()
  File "/home/airflow/.local/lib/python3.8/site-packages/sqlalchemy/orm/query.py", line 2916, in _iter
    result = self.session.execute(
  File "/home/airflow/.local/lib/python3.8/site-packages/sqlalchemy/orm/session.py", line 1716, in execute
    conn = self._connection_for_bind(bind)
  File "/home/airflow/.local/lib/python3.8/site-packages/sqlalchemy/orm/session.py", line 1555, in _connection_for_bind
    return self._transaction._connection_for_bind(
  File "/home/airflow/.local/lib/python3.8/site-packages/sqlalchemy/orm/session.py", line 750, in _connection_for_bind
    conn = bind.connect()
  File "/home/airflow/.local/lib/python3.8/site-packages/sqlalchemy/future/engine.py", line 406, in connect
    return super(Engine, self).connect()
  File "/home/airflow/.local/lib/python3.8/site-packages/sqlalchemy/engine/base.py", line 3325, in connect
    return self._connection_cls(self, close_with_result=close_with_result)
  File "/home/airflow/.local/lib/python3.8/site-packages/sqlalchemy/engine/base.py", line 96, in __init__
    else engine.raw_connection()
  File "/home/airflow/.local/lib/python3.8/site-packages/sqlalchemy/engine/base.py", line 3404, in raw_connection
    return self._wrap_pool_connect(self.pool.connect, _connection)
  File "/home/airflow/.local/lib/python3.8/site-packages/sqlalchemy/engine/base.py", line 3374, in _wrap_pool_connect
    Connection._handle_dbapi_exception_noconnection(
  File "/home/airflow/.local/lib/python3.8/site-packages/sqlalchemy/engine/base.py", line 2208, in _handle_dbapi_exception_noconnection
    util.raise_(
  File "/home/airflow/.local/lib/python3.8/site-packages/sqlalchemy/util/compat.py", line 211, in raise_
    raise exception
  File "/home/airflow/.local/lib/python3.8/site-packages/sqlalchemy/engine/base.py", line 3371, in _wrap_pool_connect
    return fn()
  File "/home/airflow/.local/lib/python3.8/site-packages/sqlalchemy/pool/base.py", line 327, in connect
    return _ConnectionFairy._checkout(self)
  File "/home/airflow/.local/lib/python3.8/site-packages/sqlalchemy/pool/base.py", line 894, in _checkout
    fairy = _ConnectionRecord.checkout(pool)
  File "/home/airflow/.local/lib/python3.8/site-packages/sqlalchemy/pool/base.py", line 493, in checkout
    rec = pool._do_get()
  File "/home/airflow/.local/lib/python3.8/site-packages/sqlalchemy/pool/impl.py", line 146, in _do_get
    self._dec_overflow()
  File "/home/airflow/.local/lib/python3.8/site-packages/sqlalchemy/util/langhelpers.py", line 70, in __exit__
    compat.raise_(
  File "/home/airflow/.local/lib/python3.8/site-packages/sqlalchemy/util/compat.py", line 211, in raise_
    raise exception
  File "/home/airflow/.local/lib/python3.8/site-packages/sqlalchemy/pool/impl.py", line 143, in _do_get
    return self._create_connection()
  File "/home/airflow/.local/lib/python3.8/site-packages/sqlalchemy/pool/base.py", line 273, in _create_connection
    return _ConnectionRecord(self)
  File "/home/airflow/.local/lib/python3.8/site-packages/sqlalchemy/pool/base.py", line 388, in __init__
    self.__connect()
  File "/home/airflow/.local/lib/python3.8/site-packages/sqlalchemy/pool/base.py", line 691, in __connect
    pool.logger.debug("Error on connect(): %s", e)
  File "/home/airflow/.local/lib/python3.8/site-packages/sqlalchemy/util/langhelpers.py", line 70, in __exit__
    compat.raise_(
  File "/home/airflow/.local/lib/python3.8/site-packages/sqlalchemy/util/compat.py", line 211, in raise_
    raise exception
  File "/home/airflow/.local/lib/python3.8/site-packages/sqlalchemy/pool/base.py", line 686, in __connect
    self.dbapi_connection = connection = pool._invoke_creator(self)
  File "/home/airflow/.local/lib/python3.8/site-packages/sqlalchemy/engine/create.py", line 574, in connect
    return dialect.connect(*cargs, **cparams)
  File "/home/airflow/.local/lib/python3.8/site-packages/sqlalchemy/engine/default.py", line 598, in connect
    return self.dbapi.connect(*cargs, **cparams)
  File "/home/airflow/.local/lib/python3.8/site-packages/psycopg2/__init__.py", line 122, in connect
    conn = _connect(dsn, connection_factory=connection_factory, **kwasync)
sqlalchemy.exc.OperationalError: (psycopg2.OperationalError) could not translate host name "postgres" to address: Temporary failure in name resolution

(Background on this error at: https://sqlalche.me/e/14/e3q8)
[2026-02-19T13:52:28.309+0000] {processor.py:157} INFO - Started process (PID=276) to work on /opt/airflow/dags/weather_dag.py
[2026-02-19T13:52:28.312+0000] {processor.py:829} INFO - Processing file /opt/airflow/dags/weather_dag.py for tasks to queue
[2026-02-19T13:52:28.316+0000] {logging_mixin.py:154} INFO - [2026-02-19T13:52:28.313+0000] {dagbag.py:536} INFO - Filling up the DagBag from /opt/airflow/dags/weather_dag.py
[2026-02-19T13:52:28.377+0000] {logging_mixin.py:154} INFO - [2026-02-19T13:52:28.362+0000] {dagbag.py:346} ERROR - Failed to import: /opt/airflow/dags/weather_dag.py
Traceback (most recent call last):
  File "/home/airflow/.local/lib/python3.8/site-packages/airflow/models/dagbag.py", line 342, in parse
    loader.exec_module(new_module)
  File "<frozen importlib._bootstrap_external>", line 843, in exec_module
  File "<frozen importlib._bootstrap>", line 219, in _call_with_frames_removed
  File "/opt/airflow/dags/weather_dag.py", line 3, in <module>
    from airflow.providers.microsoft.mssql.hooks.mssql import MsSqlHook
ModuleNotFoundError: No module named 'airflow.providers.microsoft.mssql'
[2026-02-19T13:52:28.381+0000] {processor.py:841} WARNING - No viable dags retrieved from /opt/airflow/dags/weather_dag.py
[2026-02-19T13:52:38.601+0000] {processor.py:182} ERROR - Got an exception! Propagating...
Traceback (most recent call last):
  File "/home/airflow/.local/lib/python3.8/site-packages/sqlalchemy/engine/base.py", line 3371, in _wrap_pool_connect
    return fn()
  File "/home/airflow/.local/lib/python3.8/site-packages/sqlalchemy/pool/base.py", line 327, in connect
    return _ConnectionFairy._checkout(self)
  File "/home/airflow/.local/lib/python3.8/site-packages/sqlalchemy/pool/base.py", line 894, in _checkout
    fairy = _ConnectionRecord.checkout(pool)
  File "/home/airflow/.local/lib/python3.8/site-packages/sqlalchemy/pool/base.py", line 493, in checkout
    rec = pool._do_get()
  File "/home/airflow/.local/lib/python3.8/site-packages/sqlalchemy/pool/impl.py", line 146, in _do_get
    self._dec_overflow()
  File "/home/airflow/.local/lib/python3.8/site-packages/sqlalchemy/util/langhelpers.py", line 70, in __exit__
    compat.raise_(
  File "/home/airflow/.local/lib/python3.8/site-packages/sqlalchemy/util/compat.py", line 211, in raise_
    raise exception
  File "/home/airflow/.local/lib/python3.8/site-packages/sqlalchemy/pool/impl.py", line 143, in _do_get
    return self._create_connection()
  File "/home/airflow/.local/lib/python3.8/site-packages/sqlalchemy/pool/base.py", line 273, in _create_connection
    return _ConnectionRecord(self)
  File "/home/airflow/.local/lib/python3.8/site-packages/sqlalchemy/pool/base.py", line 388, in __init__
    self.__connect()
  File "/home/airflow/.local/lib/python3.8/site-packages/sqlalchemy/pool/base.py", line 691, in __connect
    pool.logger.debug("Error on connect(): %s", e)
  File "/home/airflow/.local/lib/python3.8/site-packages/sqlalchemy/util/langhelpers.py", line 70, in __exit__
    compat.raise_(
  File "/home/airflow/.local/lib/python3.8/site-packages/sqlalchemy/util/compat.py", line 211, in raise_
    raise exception
  File "/home/airflow/.local/lib/python3.8/site-packages/sqlalchemy/pool/base.py", line 686, in __connect
    self.dbapi_connection = connection = pool._invoke_creator(self)
  File "/home/airflow/.local/lib/python3.8/site-packages/sqlalchemy/engine/create.py", line 574, in connect
    return dialect.connect(*cargs, **cparams)
  File "/home/airflow/.local/lib/python3.8/site-packages/sqlalchemy/engine/default.py", line 598, in connect
    return self.dbapi.connect(*cargs, **cparams)
  File "/home/airflow/.local/lib/python3.8/site-packages/psycopg2/__init__.py", line 122, in connect
    conn = _connect(dsn, connection_factory=connection_factory, **kwasync)
psycopg2.OperationalError: could not translate host name "postgres" to address: Temporary failure in name resolution


The above exception was the direct cause of the following exception:

Traceback (most recent call last):
  File "/home/airflow/.local/lib/python3.8/site-packages/airflow/dag_processing/processor.py", line 178, in _run_file_processor
    _handle_dag_file_processing()
  File "/home/airflow/.local/lib/python3.8/site-packages/airflow/dag_processing/processor.py", line 159, in _handle_dag_file_processing
    result: tuple[int, int] = dag_file_processor.process_file(
  File "/home/airflow/.local/lib/python3.8/site-packages/airflow/utils/session.py", line 79, in wrapper
    return func(*args, session=session, **kwargs)
  File "/home/airflow/.local/lib/python3.8/site-packages/airflow/dag_processing/processor.py", line 842, in process_file
    DagFileProcessor.update_import_errors(
  File "/home/airflow/.local/lib/python3.8/site-packages/airflow/api_internal/internal_api_call.py", line 114, in wrapper
    return func(*args, **kwargs)
  File "/home/airflow/.local/lib/python3.8/site-packages/airflow/utils/session.py", line 76, in wrapper
    return func(*args, **kwargs)
  File "/home/airflow/.local/lib/python3.8/site-packages/airflow/dag_processing/processor.py", line 625, in update_import_errors
    existing_import_error_files = [x.filename for x in session.query(errors.ImportError.filename).all()]
  File "/home/airflow/.local/lib/python3.8/site-packages/sqlalchemy/orm/query.py", line 2773, in all
    return self._iter().all()
  File "/home/airflow/.local/lib/python3.8/site-packages/sqlalchemy/orm/query.py", line 2916, in _iter
    result = self.session.execute(
  File "/home/airflow/.local/lib/python3.8/site-packages/sqlalchemy/orm/session.py", line 1716, in execute
    conn = self._connection_for_bind(bind)
  File "/home/airflow/.local/lib/python3.8/site-packages/sqlalchemy/orm/session.py", line 1555, in _connection_for_bind
    return self._transaction._connection_for_bind(
  File "/home/airflow/.local/lib/python3.8/site-packages/sqlalchemy/orm/session.py", line 750, in _connection_for_bind
    conn = bind.connect()
  File "/home/airflow/.local/lib/python3.8/site-packages/sqlalchemy/future/engine.py", line 406, in connect
    return super(Engine, self).connect()
  File "/home/airflow/.local/lib/python3.8/site-packages/sqlalchemy/engine/base.py", line 3325, in connect
    return self._connection_cls(self, close_with_result=close_with_result)
  File "/home/airflow/.local/lib/python3.8/site-packages/sqlalchemy/engine/base.py", line 96, in __init__
    else engine.raw_connection()
  File "/home/airflow/.local/lib/python3.8/site-packages/sqlalchemy/engine/base.py", line 3404, in raw_connection
    return self._wrap_pool_connect(self.pool.connect, _connection)
  File "/home/airflow/.local/lib/python3.8/site-packages/sqlalchemy/engine/base.py", line 3374, in _wrap_pool_connect
    Connection._handle_dbapi_exception_noconnection(
  File "/home/airflow/.local/lib/python3.8/site-packages/sqlalchemy/engine/base.py", line 2208, in _handle_dbapi_exception_noconnection
    util.raise_(
  File "/home/airflow/.local/lib/python3.8/site-packages/sqlalchemy/util/compat.py", line 211, in raise_
    raise exception
  File "/home/airflow/.local/lib/python3.8/site-packages/sqlalchemy/engine/base.py", line 3371, in _wrap_pool_connect
    return fn()
  File "/home/airflow/.local/lib/python3.8/site-packages/sqlalchemy/pool/base.py", line 327, in connect
    return _ConnectionFairy._checkout(self)
  File "/home/airflow/.local/lib/python3.8/site-packages/sqlalchemy/pool/base.py", line 894, in _checkout
    fairy = _ConnectionRecord.checkout(pool)
  File "/home/airflow/.local/lib/python3.8/site-packages/sqlalchemy/pool/base.py", line 493, in checkout
    rec = pool._do_get()
  File "/home/airflow/.local/lib/python3.8/site-packages/sqlalchemy/pool/impl.py", line 146, in _do_get
    self._dec_overflow()
  File "/home/airflow/.local/lib/python3.8/site-packages/sqlalchemy/util/langhelpers.py", line 70, in __exit__
    compat.raise_(
  File "/home/airflow/.local/lib/python3.8/site-packages/sqlalchemy/util/compat.py", line 211, in raise_
    raise exception
  File "/home/airflow/.local/lib/python3.8/site-packages/sqlalchemy/pool/impl.py", line 143, in _do_get
    return self._create_connection()
  File "/home/airflow/.local/lib/python3.8/site-packages/sqlalchemy/pool/base.py", line 273, in _create_connection
    return _ConnectionRecord(self)
  File "/home/airflow/.local/lib/python3.8/site-packages/sqlalchemy/pool/base.py", line 388, in __init__
    self.__connect()
  File "/home/airflow/.local/lib/python3.8/site-packages/sqlalchemy/pool/base.py", line 691, in __connect
    pool.logger.debug("Error on connect(): %s", e)
  File "/home/airflow/.local/lib/python3.8/site-packages/sqlalchemy/util/langhelpers.py", line 70, in __exit__
    compat.raise_(
  File "/home/airflow/.local/lib/python3.8/site-packages/sqlalchemy/util/compat.py", line 211, in raise_
    raise exception
  File "/home/airflow/.local/lib/python3.8/site-packages/sqlalchemy/pool/base.py", line 686, in __connect
    self.dbapi_connection = connection = pool._invoke_creator(self)
  File "/home/airflow/.local/lib/python3.8/site-packages/sqlalchemy/engine/create.py", line 574, in connect
    return dialect.connect(*cargs, **cparams)
  File "/home/airflow/.local/lib/python3.8/site-packages/sqlalchemy/engine/default.py", line 598, in connect
    return self.dbapi.connect(*cargs, **cparams)
  File "/home/airflow/.local/lib/python3.8/site-packages/psycopg2/__init__.py", line 122, in connect
    conn = _connect(dsn, connection_factory=connection_factory, **kwasync)
sqlalchemy.exc.OperationalError: (psycopg2.OperationalError) could not translate host name "postgres" to address: Temporary failure in name resolution

(Background on this error at: https://sqlalche.me/e/14/e3q8)
[2026-02-19T13:53:09.722+0000] {processor.py:157} INFO - Started process (PID=281) to work on /opt/airflow/dags/weather_dag.py
[2026-02-19T13:53:09.725+0000] {processor.py:829} INFO - Processing file /opt/airflow/dags/weather_dag.py for tasks to queue
[2026-02-19T13:53:09.729+0000] {logging_mixin.py:154} INFO - [2026-02-19T13:53:09.726+0000] {dagbag.py:536} INFO - Filling up the DagBag from /opt/airflow/dags/weather_dag.py
[2026-02-19T13:53:09.795+0000] {logging_mixin.py:154} INFO - [2026-02-19T13:53:09.782+0000] {dagbag.py:346} ERROR - Failed to import: /opt/airflow/dags/weather_dag.py
Traceback (most recent call last):
  File "/home/airflow/.local/lib/python3.8/site-packages/airflow/models/dagbag.py", line 342, in parse
    loader.exec_module(new_module)
  File "<frozen importlib._bootstrap_external>", line 843, in exec_module
  File "<frozen importlib._bootstrap>", line 219, in _call_with_frames_removed
  File "/opt/airflow/dags/weather_dag.py", line 3, in <module>
    from airflow.providers.microsoft.mssql.hooks.mssql import MsSqlHook
ModuleNotFoundError: No module named 'airflow.providers.microsoft.mssql'
[2026-02-19T13:53:09.799+0000] {processor.py:841} WARNING - No viable dags retrieved from /opt/airflow/dags/weather_dag.py
[2026-02-19T13:53:19.820+0000] {processor.py:182} ERROR - Got an exception! Propagating...
Traceback (most recent call last):
  File "/home/airflow/.local/lib/python3.8/site-packages/sqlalchemy/engine/base.py", line 3371, in _wrap_pool_connect
    return fn()
  File "/home/airflow/.local/lib/python3.8/site-packages/sqlalchemy/pool/base.py", line 327, in connect
    return _ConnectionFairy._checkout(self)
  File "/home/airflow/.local/lib/python3.8/site-packages/sqlalchemy/pool/base.py", line 894, in _checkout
    fairy = _ConnectionRecord.checkout(pool)
  File "/home/airflow/.local/lib/python3.8/site-packages/sqlalchemy/pool/base.py", line 493, in checkout
    rec = pool._do_get()
  File "/home/airflow/.local/lib/python3.8/site-packages/sqlalchemy/pool/impl.py", line 146, in _do_get
    self._dec_overflow()
  File "/home/airflow/.local/lib/python3.8/site-packages/sqlalchemy/util/langhelpers.py", line 70, in __exit__
    compat.raise_(
  File "/home/airflow/.local/lib/python3.8/site-packages/sqlalchemy/util/compat.py", line 211, in raise_
    raise exception
  File "/home/airflow/.local/lib/python3.8/site-packages/sqlalchemy/pool/impl.py", line 143, in _do_get
    return self._create_connection()
  File "/home/airflow/.local/lib/python3.8/site-packages/sqlalchemy/pool/base.py", line 273, in _create_connection
    return _ConnectionRecord(self)
  File "/home/airflow/.local/lib/python3.8/site-packages/sqlalchemy/pool/base.py", line 388, in __init__
    self.__connect()
  File "/home/airflow/.local/lib/python3.8/site-packages/sqlalchemy/pool/base.py", line 691, in __connect
    pool.logger.debug("Error on connect(): %s", e)
  File "/home/airflow/.local/lib/python3.8/site-packages/sqlalchemy/util/langhelpers.py", line 70, in __exit__
    compat.raise_(
  File "/home/airflow/.local/lib/python3.8/site-packages/sqlalchemy/util/compat.py", line 211, in raise_
    raise exception
  File "/home/airflow/.local/lib/python3.8/site-packages/sqlalchemy/pool/base.py", line 686, in __connect
    self.dbapi_connection = connection = pool._invoke_creator(self)
  File "/home/airflow/.local/lib/python3.8/site-packages/sqlalchemy/engine/create.py", line 574, in connect
    return dialect.connect(*cargs, **cparams)
  File "/home/airflow/.local/lib/python3.8/site-packages/sqlalchemy/engine/default.py", line 598, in connect
    return self.dbapi.connect(*cargs, **cparams)
  File "/home/airflow/.local/lib/python3.8/site-packages/psycopg2/__init__.py", line 122, in connect
    conn = _connect(dsn, connection_factory=connection_factory, **kwasync)
psycopg2.OperationalError: could not translate host name "postgres" to address: Temporary failure in name resolution


The above exception was the direct cause of the following exception:

Traceback (most recent call last):
  File "/home/airflow/.local/lib/python3.8/site-packages/airflow/dag_processing/processor.py", line 178, in _run_file_processor
    _handle_dag_file_processing()
  File "/home/airflow/.local/lib/python3.8/site-packages/airflow/dag_processing/processor.py", line 159, in _handle_dag_file_processing
    result: tuple[int, int] = dag_file_processor.process_file(
  File "/home/airflow/.local/lib/python3.8/site-packages/airflow/utils/session.py", line 79, in wrapper
    return func(*args, session=session, **kwargs)
  File "/home/airflow/.local/lib/python3.8/site-packages/airflow/dag_processing/processor.py", line 842, in process_file
    DagFileProcessor.update_import_errors(
  File "/home/airflow/.local/lib/python3.8/site-packages/airflow/api_internal/internal_api_call.py", line 114, in wrapper
    return func(*args, **kwargs)
  File "/home/airflow/.local/lib/python3.8/site-packages/airflow/utils/session.py", line 76, in wrapper
    return func(*args, **kwargs)
  File "/home/airflow/.local/lib/python3.8/site-packages/airflow/dag_processing/processor.py", line 625, in update_import_errors
    existing_import_error_files = [x.filename for x in session.query(errors.ImportError.filename).all()]
  File "/home/airflow/.local/lib/python3.8/site-packages/sqlalchemy/orm/query.py", line 2773, in all
    return self._iter().all()
  File "/home/airflow/.local/lib/python3.8/site-packages/sqlalchemy/orm/query.py", line 2916, in _iter
    result = self.session.execute(
  File "/home/airflow/.local/lib/python3.8/site-packages/sqlalchemy/orm/session.py", line 1716, in execute
    conn = self._connection_for_bind(bind)
  File "/home/airflow/.local/lib/python3.8/site-packages/sqlalchemy/orm/session.py", line 1555, in _connection_for_bind
    return self._transaction._connection_for_bind(
  File "/home/airflow/.local/lib/python3.8/site-packages/sqlalchemy/orm/session.py", line 750, in _connection_for_bind
    conn = bind.connect()
  File "/home/airflow/.local/lib/python3.8/site-packages/sqlalchemy/future/engine.py", line 406, in connect
    return super(Engine, self).connect()
  File "/home/airflow/.local/lib/python3.8/site-packages/sqlalchemy/engine/base.py", line 3325, in connect
    return self._connection_cls(self, close_with_result=close_with_result)
  File "/home/airflow/.local/lib/python3.8/site-packages/sqlalchemy/engine/base.py", line 96, in __init__
    else engine.raw_connection()
  File "/home/airflow/.local/lib/python3.8/site-packages/sqlalchemy/engine/base.py", line 3404, in raw_connection
    return self._wrap_pool_connect(self.pool.connect, _connection)
  File "/home/airflow/.local/lib/python3.8/site-packages/sqlalchemy/engine/base.py", line 3374, in _wrap_pool_connect
    Connection._handle_dbapi_exception_noconnection(
  File "/home/airflow/.local/lib/python3.8/site-packages/sqlalchemy/engine/base.py", line 2208, in _handle_dbapi_exception_noconnection
    util.raise_(
  File "/home/airflow/.local/lib/python3.8/site-packages/sqlalchemy/util/compat.py", line 211, in raise_
    raise exception
  File "/home/airflow/.local/lib/python3.8/site-packages/sqlalchemy/engine/base.py", line 3371, in _wrap_pool_connect
    return fn()
  File "/home/airflow/.local/lib/python3.8/site-packages/sqlalchemy/pool/base.py", line 327, in connect
    return _ConnectionFairy._checkout(self)
  File "/home/airflow/.local/lib/python3.8/site-packages/sqlalchemy/pool/base.py", line 894, in _checkout
    fairy = _ConnectionRecord.checkout(pool)
  File "/home/airflow/.local/lib/python3.8/site-packages/sqlalchemy/pool/base.py", line 493, in checkout
    rec = pool._do_get()
  File "/home/airflow/.local/lib/python3.8/site-packages/sqlalchemy/pool/impl.py", line 146, in _do_get
    self._dec_overflow()
  File "/home/airflow/.local/lib/python3.8/site-packages/sqlalchemy/util/langhelpers.py", line 70, in __exit__
    compat.raise_(
  File "/home/airflow/.local/lib/python3.8/site-packages/sqlalchemy/util/compat.py", line 211, in raise_
    raise exception
  File "/home/airflow/.local/lib/python3.8/site-packages/sqlalchemy/pool/impl.py", line 143, in _do_get
    return self._create_connection()
  File "/home/airflow/.local/lib/python3.8/site-packages/sqlalchemy/pool/base.py", line 273, in _create_connection
    return _ConnectionRecord(self)
  File "/home/airflow/.local/lib/python3.8/site-packages/sqlalchemy/pool/base.py", line 388, in __init__
    self.__connect()
  File "/home/airflow/.local/lib/python3.8/site-packages/sqlalchemy/pool/base.py", line 691, in __connect
    pool.logger.debug("Error on connect(): %s", e)
  File "/home/airflow/.local/lib/python3.8/site-packages/sqlalchemy/util/langhelpers.py", line 70, in __exit__
    compat.raise_(
  File "/home/airflow/.local/lib/python3.8/site-packages/sqlalchemy/util/compat.py", line 211, in raise_
    raise exception
  File "/home/airflow/.local/lib/python3.8/site-packages/sqlalchemy/pool/base.py", line 686, in __connect
    self.dbapi_connection = connection = pool._invoke_creator(self)
  File "/home/airflow/.local/lib/python3.8/site-packages/sqlalchemy/engine/create.py", line 574, in connect
    return dialect.connect(*cargs, **cparams)
  File "/home/airflow/.local/lib/python3.8/site-packages/sqlalchemy/engine/default.py", line 598, in connect
    return self.dbapi.connect(*cargs, **cparams)
  File "/home/airflow/.local/lib/python3.8/site-packages/psycopg2/__init__.py", line 122, in connect
    conn = _connect(dsn, connection_factory=connection_factory, **kwasync)
sqlalchemy.exc.OperationalError: (psycopg2.OperationalError) could not translate host name "postgres" to address: Temporary failure in name resolution

(Background on this error at: https://sqlalche.me/e/14/e3q8)
[2026-02-19T13:53:50.232+0000] {processor.py:157} INFO - Started process (PID=286) to work on /opt/airflow/dags/weather_dag.py
[2026-02-19T13:53:50.235+0000] {processor.py:829} INFO - Processing file /opt/airflow/dags/weather_dag.py for tasks to queue
[2026-02-19T13:53:50.240+0000] {logging_mixin.py:154} INFO - [2026-02-19T13:53:50.238+0000] {dagbag.py:536} INFO - Filling up the DagBag from /opt/airflow/dags/weather_dag.py
[2026-02-19T13:53:50.366+0000] {logging_mixin.py:154} INFO - [2026-02-19T13:53:50.350+0000] {dagbag.py:346} ERROR - Failed to import: /opt/airflow/dags/weather_dag.py
Traceback (most recent call last):
  File "/home/airflow/.local/lib/python3.8/site-packages/airflow/models/dagbag.py", line 342, in parse
    loader.exec_module(new_module)
  File "<frozen importlib._bootstrap_external>", line 843, in exec_module
  File "<frozen importlib._bootstrap>", line 219, in _call_with_frames_removed
  File "/opt/airflow/dags/weather_dag.py", line 3, in <module>
    from airflow.providers.microsoft.mssql.hooks.mssql import MsSqlHook
ModuleNotFoundError: No module named 'airflow.providers.microsoft.mssql'
[2026-02-19T13:53:50.371+0000] {processor.py:841} WARNING - No viable dags retrieved from /opt/airflow/dags/weather_dag.py
[2026-02-19T13:54:00.413+0000] {processor.py:182} ERROR - Got an exception! Propagating...
Traceback (most recent call last):
  File "/home/airflow/.local/lib/python3.8/site-packages/sqlalchemy/engine/base.py", line 3371, in _wrap_pool_connect
    return fn()
  File "/home/airflow/.local/lib/python3.8/site-packages/sqlalchemy/pool/base.py", line 327, in connect
    return _ConnectionFairy._checkout(self)
  File "/home/airflow/.local/lib/python3.8/site-packages/sqlalchemy/pool/base.py", line 894, in _checkout
    fairy = _ConnectionRecord.checkout(pool)
  File "/home/airflow/.local/lib/python3.8/site-packages/sqlalchemy/pool/base.py", line 493, in checkout
    rec = pool._do_get()
  File "/home/airflow/.local/lib/python3.8/site-packages/sqlalchemy/pool/impl.py", line 146, in _do_get
    self._dec_overflow()
  File "/home/airflow/.local/lib/python3.8/site-packages/sqlalchemy/util/langhelpers.py", line 70, in __exit__
    compat.raise_(
  File "/home/airflow/.local/lib/python3.8/site-packages/sqlalchemy/util/compat.py", line 211, in raise_
    raise exception
  File "/home/airflow/.local/lib/python3.8/site-packages/sqlalchemy/pool/impl.py", line 143, in _do_get
    return self._create_connection()
  File "/home/airflow/.local/lib/python3.8/site-packages/sqlalchemy/pool/base.py", line 273, in _create_connection
    return _ConnectionRecord(self)
  File "/home/airflow/.local/lib/python3.8/site-packages/sqlalchemy/pool/base.py", line 388, in __init__
    self.__connect()
  File "/home/airflow/.local/lib/python3.8/site-packages/sqlalchemy/pool/base.py", line 691, in __connect
    pool.logger.debug("Error on connect(): %s", e)
  File "/home/airflow/.local/lib/python3.8/site-packages/sqlalchemy/util/langhelpers.py", line 70, in __exit__
    compat.raise_(
  File "/home/airflow/.local/lib/python3.8/site-packages/sqlalchemy/util/compat.py", line 211, in raise_
    raise exception
  File "/home/airflow/.local/lib/python3.8/site-packages/sqlalchemy/pool/base.py", line 686, in __connect
    self.dbapi_connection = connection = pool._invoke_creator(self)
  File "/home/airflow/.local/lib/python3.8/site-packages/sqlalchemy/engine/create.py", line 574, in connect
    return dialect.connect(*cargs, **cparams)
  File "/home/airflow/.local/lib/python3.8/site-packages/sqlalchemy/engine/default.py", line 598, in connect
    return self.dbapi.connect(*cargs, **cparams)
  File "/home/airflow/.local/lib/python3.8/site-packages/psycopg2/__init__.py", line 122, in connect
    conn = _connect(dsn, connection_factory=connection_factory, **kwasync)
psycopg2.OperationalError: could not translate host name "postgres" to address: Temporary failure in name resolution


The above exception was the direct cause of the following exception:

Traceback (most recent call last):
  File "/home/airflow/.local/lib/python3.8/site-packages/airflow/dag_processing/processor.py", line 178, in _run_file_processor
    _handle_dag_file_processing()
  File "/home/airflow/.local/lib/python3.8/site-packages/airflow/dag_processing/processor.py", line 159, in _handle_dag_file_processing
    result: tuple[int, int] = dag_file_processor.process_file(
  File "/home/airflow/.local/lib/python3.8/site-packages/airflow/utils/session.py", line 79, in wrapper
    return func(*args, session=session, **kwargs)
  File "/home/airflow/.local/lib/python3.8/site-packages/airflow/dag_processing/processor.py", line 842, in process_file
    DagFileProcessor.update_import_errors(
  File "/home/airflow/.local/lib/python3.8/site-packages/airflow/api_internal/internal_api_call.py", line 114, in wrapper
    return func(*args, **kwargs)
  File "/home/airflow/.local/lib/python3.8/site-packages/airflow/utils/session.py", line 76, in wrapper
    return func(*args, **kwargs)
  File "/home/airflow/.local/lib/python3.8/site-packages/airflow/dag_processing/processor.py", line 625, in update_import_errors
    existing_import_error_files = [x.filename for x in session.query(errors.ImportError.filename).all()]
  File "/home/airflow/.local/lib/python3.8/site-packages/sqlalchemy/orm/query.py", line 2773, in all
    return self._iter().all()
  File "/home/airflow/.local/lib/python3.8/site-packages/sqlalchemy/orm/query.py", line 2916, in _iter
    result = self.session.execute(
  File "/home/airflow/.local/lib/python3.8/site-packages/sqlalchemy/orm/session.py", line 1716, in execute
    conn = self._connection_for_bind(bind)
  File "/home/airflow/.local/lib/python3.8/site-packages/sqlalchemy/orm/session.py", line 1555, in _connection_for_bind
    return self._transaction._connection_for_bind(
  File "/home/airflow/.local/lib/python3.8/site-packages/sqlalchemy/orm/session.py", line 750, in _connection_for_bind
    conn = bind.connect()
  File "/home/airflow/.local/lib/python3.8/site-packages/sqlalchemy/future/engine.py", line 406, in connect
    return super(Engine, self).connect()
  File "/home/airflow/.local/lib/python3.8/site-packages/sqlalchemy/engine/base.py", line 3325, in connect
    return self._connection_cls(self, close_with_result=close_with_result)
  File "/home/airflow/.local/lib/python3.8/site-packages/sqlalchemy/engine/base.py", line 96, in __init__
    else engine.raw_connection()
  File "/home/airflow/.local/lib/python3.8/site-packages/sqlalchemy/engine/base.py", line 3404, in raw_connection
    return self._wrap_pool_connect(self.pool.connect, _connection)
  File "/home/airflow/.local/lib/python3.8/site-packages/sqlalchemy/engine/base.py", line 3374, in _wrap_pool_connect
    Connection._handle_dbapi_exception_noconnection(
  File "/home/airflow/.local/lib/python3.8/site-packages/sqlalchemy/engine/base.py", line 2208, in _handle_dbapi_exception_noconnection
    util.raise_(
  File "/home/airflow/.local/lib/python3.8/site-packages/sqlalchemy/util/compat.py", line 211, in raise_
    raise exception
  File "/home/airflow/.local/lib/python3.8/site-packages/sqlalchemy/engine/base.py", line 3371, in _wrap_pool_connect
    return fn()
  File "/home/airflow/.local/lib/python3.8/site-packages/sqlalchemy/pool/base.py", line 327, in connect
    return _ConnectionFairy._checkout(self)
  File "/home/airflow/.local/lib/python3.8/site-packages/sqlalchemy/pool/base.py", line 894, in _checkout
    fairy = _ConnectionRecord.checkout(pool)
  File "/home/airflow/.local/lib/python3.8/site-packages/sqlalchemy/pool/base.py", line 493, in checkout
    rec = pool._do_get()
  File "/home/airflow/.local/lib/python3.8/site-packages/sqlalchemy/pool/impl.py", line 146, in _do_get
    self._dec_overflow()
  File "/home/airflow/.local/lib/python3.8/site-packages/sqlalchemy/util/langhelpers.py", line 70, in __exit__
    compat.raise_(
  File "/home/airflow/.local/lib/python3.8/site-packages/sqlalchemy/util/compat.py", line 211, in raise_
    raise exception
  File "/home/airflow/.local/lib/python3.8/site-packages/sqlalchemy/pool/impl.py", line 143, in _do_get
    return self._create_connection()
  File "/home/airflow/.local/lib/python3.8/site-packages/sqlalchemy/pool/base.py", line 273, in _create_connection
    return _ConnectionRecord(self)
  File "/home/airflow/.local/lib/python3.8/site-packages/sqlalchemy/pool/base.py", line 388, in __init__
    self.__connect()
  File "/home/airflow/.local/lib/python3.8/site-packages/sqlalchemy/pool/base.py", line 691, in __connect
    pool.logger.debug("Error on connect(): %s", e)
  File "/home/airflow/.local/lib/python3.8/site-packages/sqlalchemy/util/langhelpers.py", line 70, in __exit__
    compat.raise_(
  File "/home/airflow/.local/lib/python3.8/site-packages/sqlalchemy/util/compat.py", line 211, in raise_
    raise exception
  File "/home/airflow/.local/lib/python3.8/site-packages/sqlalchemy/pool/base.py", line 686, in __connect
    self.dbapi_connection = connection = pool._invoke_creator(self)
  File "/home/airflow/.local/lib/python3.8/site-packages/sqlalchemy/engine/create.py", line 574, in connect
    return dialect.connect(*cargs, **cparams)
  File "/home/airflow/.local/lib/python3.8/site-packages/sqlalchemy/engine/default.py", line 598, in connect
    return self.dbapi.connect(*cargs, **cparams)
  File "/home/airflow/.local/lib/python3.8/site-packages/psycopg2/__init__.py", line 122, in connect
    conn = _connect(dsn, connection_factory=connection_factory, **kwasync)
sqlalchemy.exc.OperationalError: (psycopg2.OperationalError) could not translate host name "postgres" to address: Temporary failure in name resolution

(Background on this error at: https://sqlalche.me/e/14/e3q8)
[2026-02-19T13:54:31.255+0000] {processor.py:157} INFO - Started process (PID=291) to work on /opt/airflow/dags/weather_dag.py
[2026-02-19T13:54:31.260+0000] {processor.py:829} INFO - Processing file /opt/airflow/dags/weather_dag.py for tasks to queue
[2026-02-19T13:54:31.264+0000] {logging_mixin.py:154} INFO - [2026-02-19T13:54:31.261+0000] {dagbag.py:536} INFO - Filling up the DagBag from /opt/airflow/dags/weather_dag.py
[2026-02-19T13:54:31.366+0000] {logging_mixin.py:154} INFO - [2026-02-19T13:54:31.322+0000] {dagbag.py:346} ERROR - Failed to import: /opt/airflow/dags/weather_dag.py
Traceback (most recent call last):
  File "/home/airflow/.local/lib/python3.8/site-packages/airflow/models/dagbag.py", line 342, in parse
    loader.exec_module(new_module)
  File "<frozen importlib._bootstrap_external>", line 843, in exec_module
  File "<frozen importlib._bootstrap>", line 219, in _call_with_frames_removed
  File "/opt/airflow/dags/weather_dag.py", line 3, in <module>
    from airflow.providers.microsoft.mssql.hooks.mssql import MsSqlHook
ModuleNotFoundError: No module named 'airflow.providers.microsoft.mssql'
[2026-02-19T13:54:31.371+0000] {processor.py:841} WARNING - No viable dags retrieved from /opt/airflow/dags/weather_dag.py
[2026-02-19T13:54:45.001+0000] {processor.py:182} ERROR - Got an exception! Propagating...
Traceback (most recent call last):
  File "/home/airflow/.local/lib/python3.8/site-packages/sqlalchemy/engine/base.py", line 3371, in _wrap_pool_connect
    return fn()
  File "/home/airflow/.local/lib/python3.8/site-packages/sqlalchemy/pool/base.py", line 327, in connect
    return _ConnectionFairy._checkout(self)
  File "/home/airflow/.local/lib/python3.8/site-packages/sqlalchemy/pool/base.py", line 894, in _checkout
    fairy = _ConnectionRecord.checkout(pool)
  File "/home/airflow/.local/lib/python3.8/site-packages/sqlalchemy/pool/base.py", line 493, in checkout
    rec = pool._do_get()
  File "/home/airflow/.local/lib/python3.8/site-packages/sqlalchemy/pool/impl.py", line 146, in _do_get
    self._dec_overflow()
  File "/home/airflow/.local/lib/python3.8/site-packages/sqlalchemy/util/langhelpers.py", line 70, in __exit__
    compat.raise_(
  File "/home/airflow/.local/lib/python3.8/site-packages/sqlalchemy/util/compat.py", line 211, in raise_
    raise exception
  File "/home/airflow/.local/lib/python3.8/site-packages/sqlalchemy/pool/impl.py", line 143, in _do_get
    return self._create_connection()
  File "/home/airflow/.local/lib/python3.8/site-packages/sqlalchemy/pool/base.py", line 273, in _create_connection
    return _ConnectionRecord(self)
  File "/home/airflow/.local/lib/python3.8/site-packages/sqlalchemy/pool/base.py", line 388, in __init__
    self.__connect()
  File "/home/airflow/.local/lib/python3.8/site-packages/sqlalchemy/pool/base.py", line 691, in __connect
    pool.logger.debug("Error on connect(): %s", e)
  File "/home/airflow/.local/lib/python3.8/site-packages/sqlalchemy/util/langhelpers.py", line 70, in __exit__
    compat.raise_(
  File "/home/airflow/.local/lib/python3.8/site-packages/sqlalchemy/util/compat.py", line 211, in raise_
    raise exception
  File "/home/airflow/.local/lib/python3.8/site-packages/sqlalchemy/pool/base.py", line 686, in __connect
    self.dbapi_connection = connection = pool._invoke_creator(self)
  File "/home/airflow/.local/lib/python3.8/site-packages/sqlalchemy/engine/create.py", line 574, in connect
    return dialect.connect(*cargs, **cparams)
  File "/home/airflow/.local/lib/python3.8/site-packages/sqlalchemy/engine/default.py", line 598, in connect
    return self.dbapi.connect(*cargs, **cparams)
  File "/home/airflow/.local/lib/python3.8/site-packages/psycopg2/__init__.py", line 122, in connect
    conn = _connect(dsn, connection_factory=connection_factory, **kwasync)
psycopg2.OperationalError: could not translate host name "postgres" to address: Temporary failure in name resolution


The above exception was the direct cause of the following exception:

Traceback (most recent call last):
  File "/home/airflow/.local/lib/python3.8/site-packages/airflow/dag_processing/processor.py", line 178, in _run_file_processor
    _handle_dag_file_processing()
  File "/home/airflow/.local/lib/python3.8/site-packages/airflow/dag_processing/processor.py", line 159, in _handle_dag_file_processing
    result: tuple[int, int] = dag_file_processor.process_file(
  File "/home/airflow/.local/lib/python3.8/site-packages/airflow/utils/session.py", line 79, in wrapper
    return func(*args, session=session, **kwargs)
  File "/home/airflow/.local/lib/python3.8/site-packages/airflow/dag_processing/processor.py", line 842, in process_file
    DagFileProcessor.update_import_errors(
  File "/home/airflow/.local/lib/python3.8/site-packages/airflow/api_internal/internal_api_call.py", line 114, in wrapper
    return func(*args, **kwargs)
  File "/home/airflow/.local/lib/python3.8/site-packages/airflow/utils/session.py", line 76, in wrapper
    return func(*args, **kwargs)
  File "/home/airflow/.local/lib/python3.8/site-packages/airflow/dag_processing/processor.py", line 625, in update_import_errors
    existing_import_error_files = [x.filename for x in session.query(errors.ImportError.filename).all()]
  File "/home/airflow/.local/lib/python3.8/site-packages/sqlalchemy/orm/query.py", line 2773, in all
    return self._iter().all()
  File "/home/airflow/.local/lib/python3.8/site-packages/sqlalchemy/orm/query.py", line 2916, in _iter
    result = self.session.execute(
  File "/home/airflow/.local/lib/python3.8/site-packages/sqlalchemy/orm/session.py", line 1716, in execute
    conn = self._connection_for_bind(bind)
  File "/home/airflow/.local/lib/python3.8/site-packages/sqlalchemy/orm/session.py", line 1555, in _connection_for_bind
    return self._transaction._connection_for_bind(
  File "/home/airflow/.local/lib/python3.8/site-packages/sqlalchemy/orm/session.py", line 750, in _connection_for_bind
    conn = bind.connect()
  File "/home/airflow/.local/lib/python3.8/site-packages/sqlalchemy/future/engine.py", line 406, in connect
    return super(Engine, self).connect()
  File "/home/airflow/.local/lib/python3.8/site-packages/sqlalchemy/engine/base.py", line 3325, in connect
    return self._connection_cls(self, close_with_result=close_with_result)
  File "/home/airflow/.local/lib/python3.8/site-packages/sqlalchemy/engine/base.py", line 96, in __init__
    else engine.raw_connection()
  File "/home/airflow/.local/lib/python3.8/site-packages/sqlalchemy/engine/base.py", line 3404, in raw_connection
    return self._wrap_pool_connect(self.pool.connect, _connection)
  File "/home/airflow/.local/lib/python3.8/site-packages/sqlalchemy/engine/base.py", line 3374, in _wrap_pool_connect
    Connection._handle_dbapi_exception_noconnection(
  File "/home/airflow/.local/lib/python3.8/site-packages/sqlalchemy/engine/base.py", line 2208, in _handle_dbapi_exception_noconnection
    util.raise_(
  File "/home/airflow/.local/lib/python3.8/site-packages/sqlalchemy/util/compat.py", line 211, in raise_
    raise exception
  File "/home/airflow/.local/lib/python3.8/site-packages/sqlalchemy/engine/base.py", line 3371, in _wrap_pool_connect
    return fn()
  File "/home/airflow/.local/lib/python3.8/site-packages/sqlalchemy/pool/base.py", line 327, in connect
    return _ConnectionFairy._checkout(self)
  File "/home/airflow/.local/lib/python3.8/site-packages/sqlalchemy/pool/base.py", line 894, in _checkout
    fairy = _ConnectionRecord.checkout(pool)
  File "/home/airflow/.local/lib/python3.8/site-packages/sqlalchemy/pool/base.py", line 493, in checkout
    rec = pool._do_get()
  File "/home/airflow/.local/lib/python3.8/site-packages/sqlalchemy/pool/impl.py", line 146, in _do_get
    self._dec_overflow()
  File "/home/airflow/.local/lib/python3.8/site-packages/sqlalchemy/util/langhelpers.py", line 70, in __exit__
    compat.raise_(
  File "/home/airflow/.local/lib/python3.8/site-packages/sqlalchemy/util/compat.py", line 211, in raise_
    raise exception
  File "/home/airflow/.local/lib/python3.8/site-packages/sqlalchemy/pool/impl.py", line 143, in _do_get
    return self._create_connection()
  File "/home/airflow/.local/lib/python3.8/site-packages/sqlalchemy/pool/base.py", line 273, in _create_connection
    return _ConnectionRecord(self)
  File "/home/airflow/.local/lib/python3.8/site-packages/sqlalchemy/pool/base.py", line 388, in __init__
    self.__connect()
  File "/home/airflow/.local/lib/python3.8/site-packages/sqlalchemy/pool/base.py", line 691, in __connect
    pool.logger.debug("Error on connect(): %s", e)
  File "/home/airflow/.local/lib/python3.8/site-packages/sqlalchemy/util/langhelpers.py", line 70, in __exit__
    compat.raise_(
  File "/home/airflow/.local/lib/python3.8/site-packages/sqlalchemy/util/compat.py", line 211, in raise_
    raise exception
  File "/home/airflow/.local/lib/python3.8/site-packages/sqlalchemy/pool/base.py", line 686, in __connect
    self.dbapi_connection = connection = pool._invoke_creator(self)
  File "/home/airflow/.local/lib/python3.8/site-packages/sqlalchemy/engine/create.py", line 574, in connect
    return dialect.connect(*cargs, **cparams)
  File "/home/airflow/.local/lib/python3.8/site-packages/sqlalchemy/engine/default.py", line 598, in connect
    return self.dbapi.connect(*cargs, **cparams)
  File "/home/airflow/.local/lib/python3.8/site-packages/psycopg2/__init__.py", line 122, in connect
    conn = _connect(dsn, connection_factory=connection_factory, **kwasync)
sqlalchemy.exc.OperationalError: (psycopg2.OperationalError) could not translate host name "postgres" to address: Temporary failure in name resolution

(Background on this error at: https://sqlalche.me/e/14/e3q8)
[2026-02-19T13:55:19.725+0000] {processor.py:157} INFO - Started process (PID=296) to work on /opt/airflow/dags/weather_dag.py
[2026-02-19T13:55:19.727+0000] {processor.py:829} INFO - Processing file /opt/airflow/dags/weather_dag.py for tasks to queue
[2026-02-19T13:55:19.730+0000] {logging_mixin.py:154} INFO - [2026-02-19T13:55:19.728+0000] {dagbag.py:536} INFO - Filling up the DagBag from /opt/airflow/dags/weather_dag.py
[2026-02-19T13:55:19.786+0000] {logging_mixin.py:154} INFO - [2026-02-19T13:55:19.772+0000] {dagbag.py:346} ERROR - Failed to import: /opt/airflow/dags/weather_dag.py
Traceback (most recent call last):
  File "/home/airflow/.local/lib/python3.8/site-packages/airflow/models/dagbag.py", line 342, in parse
    loader.exec_module(new_module)
  File "<frozen importlib._bootstrap_external>", line 843, in exec_module
  File "<frozen importlib._bootstrap>", line 219, in _call_with_frames_removed
  File "/opt/airflow/dags/weather_dag.py", line 3, in <module>
    from airflow.providers.microsoft.mssql.hooks.mssql import MsSqlHook
ModuleNotFoundError: No module named 'airflow.providers.microsoft.mssql'
[2026-02-19T13:55:19.791+0000] {processor.py:841} WARNING - No viable dags retrieved from /opt/airflow/dags/weather_dag.py
[2026-02-19T13:55:29.839+0000] {processor.py:182} ERROR - Got an exception! Propagating...
Traceback (most recent call last):
  File "/home/airflow/.local/lib/python3.8/site-packages/sqlalchemy/engine/base.py", line 3371, in _wrap_pool_connect
    return fn()
  File "/home/airflow/.local/lib/python3.8/site-packages/sqlalchemy/pool/base.py", line 327, in connect
    return _ConnectionFairy._checkout(self)
  File "/home/airflow/.local/lib/python3.8/site-packages/sqlalchemy/pool/base.py", line 894, in _checkout
    fairy = _ConnectionRecord.checkout(pool)
  File "/home/airflow/.local/lib/python3.8/site-packages/sqlalchemy/pool/base.py", line 493, in checkout
    rec = pool._do_get()
  File "/home/airflow/.local/lib/python3.8/site-packages/sqlalchemy/pool/impl.py", line 146, in _do_get
    self._dec_overflow()
  File "/home/airflow/.local/lib/python3.8/site-packages/sqlalchemy/util/langhelpers.py", line 70, in __exit__
    compat.raise_(
  File "/home/airflow/.local/lib/python3.8/site-packages/sqlalchemy/util/compat.py", line 211, in raise_
    raise exception
  File "/home/airflow/.local/lib/python3.8/site-packages/sqlalchemy/pool/impl.py", line 143, in _do_get
    return self._create_connection()
  File "/home/airflow/.local/lib/python3.8/site-packages/sqlalchemy/pool/base.py", line 273, in _create_connection
    return _ConnectionRecord(self)
  File "/home/airflow/.local/lib/python3.8/site-packages/sqlalchemy/pool/base.py", line 388, in __init__
    self.__connect()
  File "/home/airflow/.local/lib/python3.8/site-packages/sqlalchemy/pool/base.py", line 691, in __connect
    pool.logger.debug("Error on connect(): %s", e)
  File "/home/airflow/.local/lib/python3.8/site-packages/sqlalchemy/util/langhelpers.py", line 70, in __exit__
    compat.raise_(
  File "/home/airflow/.local/lib/python3.8/site-packages/sqlalchemy/util/compat.py", line 211, in raise_
    raise exception
  File "/home/airflow/.local/lib/python3.8/site-packages/sqlalchemy/pool/base.py", line 686, in __connect
    self.dbapi_connection = connection = pool._invoke_creator(self)
  File "/home/airflow/.local/lib/python3.8/site-packages/sqlalchemy/engine/create.py", line 574, in connect
    return dialect.connect(*cargs, **cparams)
  File "/home/airflow/.local/lib/python3.8/site-packages/sqlalchemy/engine/default.py", line 598, in connect
    return self.dbapi.connect(*cargs, **cparams)
  File "/home/airflow/.local/lib/python3.8/site-packages/psycopg2/__init__.py", line 122, in connect
    conn = _connect(dsn, connection_factory=connection_factory, **kwasync)
psycopg2.OperationalError: could not translate host name "postgres" to address: Temporary failure in name resolution


The above exception was the direct cause of the following exception:

Traceback (most recent call last):
  File "/home/airflow/.local/lib/python3.8/site-packages/airflow/dag_processing/processor.py", line 178, in _run_file_processor
    _handle_dag_file_processing()
  File "/home/airflow/.local/lib/python3.8/site-packages/airflow/dag_processing/processor.py", line 159, in _handle_dag_file_processing
    result: tuple[int, int] = dag_file_processor.process_file(
  File "/home/airflow/.local/lib/python3.8/site-packages/airflow/utils/session.py", line 79, in wrapper
    return func(*args, session=session, **kwargs)
  File "/home/airflow/.local/lib/python3.8/site-packages/airflow/dag_processing/processor.py", line 842, in process_file
    DagFileProcessor.update_import_errors(
  File "/home/airflow/.local/lib/python3.8/site-packages/airflow/api_internal/internal_api_call.py", line 114, in wrapper
    return func(*args, **kwargs)
  File "/home/airflow/.local/lib/python3.8/site-packages/airflow/utils/session.py", line 76, in wrapper
    return func(*args, **kwargs)
  File "/home/airflow/.local/lib/python3.8/site-packages/airflow/dag_processing/processor.py", line 625, in update_import_errors
    existing_import_error_files = [x.filename for x in session.query(errors.ImportError.filename).all()]
  File "/home/airflow/.local/lib/python3.8/site-packages/sqlalchemy/orm/query.py", line 2773, in all
    return self._iter().all()
  File "/home/airflow/.local/lib/python3.8/site-packages/sqlalchemy/orm/query.py", line 2916, in _iter
    result = self.session.execute(
  File "/home/airflow/.local/lib/python3.8/site-packages/sqlalchemy/orm/session.py", line 1716, in execute
    conn = self._connection_for_bind(bind)
  File "/home/airflow/.local/lib/python3.8/site-packages/sqlalchemy/orm/session.py", line 1555, in _connection_for_bind
    return self._transaction._connection_for_bind(
  File "/home/airflow/.local/lib/python3.8/site-packages/sqlalchemy/orm/session.py", line 750, in _connection_for_bind
    conn = bind.connect()
  File "/home/airflow/.local/lib/python3.8/site-packages/sqlalchemy/future/engine.py", line 406, in connect
    return super(Engine, self).connect()
  File "/home/airflow/.local/lib/python3.8/site-packages/sqlalchemy/engine/base.py", line 3325, in connect
    return self._connection_cls(self, close_with_result=close_with_result)
  File "/home/airflow/.local/lib/python3.8/site-packages/sqlalchemy/engine/base.py", line 96, in __init__
    else engine.raw_connection()
  File "/home/airflow/.local/lib/python3.8/site-packages/sqlalchemy/engine/base.py", line 3404, in raw_connection
    return self._wrap_pool_connect(self.pool.connect, _connection)
  File "/home/airflow/.local/lib/python3.8/site-packages/sqlalchemy/engine/base.py", line 3374, in _wrap_pool_connect
    Connection._handle_dbapi_exception_noconnection(
  File "/home/airflow/.local/lib/python3.8/site-packages/sqlalchemy/engine/base.py", line 2208, in _handle_dbapi_exception_noconnection
    util.raise_(
  File "/home/airflow/.local/lib/python3.8/site-packages/sqlalchemy/util/compat.py", line 211, in raise_
    raise exception
  File "/home/airflow/.local/lib/python3.8/site-packages/sqlalchemy/engine/base.py", line 3371, in _wrap_pool_connect
    return fn()
  File "/home/airflow/.local/lib/python3.8/site-packages/sqlalchemy/pool/base.py", line 327, in connect
    return _ConnectionFairy._checkout(self)
  File "/home/airflow/.local/lib/python3.8/site-packages/sqlalchemy/pool/base.py", line 894, in _checkout
    fairy = _ConnectionRecord.checkout(pool)
  File "/home/airflow/.local/lib/python3.8/site-packages/sqlalchemy/pool/base.py", line 493, in checkout
    rec = pool._do_get()
  File "/home/airflow/.local/lib/python3.8/site-packages/sqlalchemy/pool/impl.py", line 146, in _do_get
    self._dec_overflow()
  File "/home/airflow/.local/lib/python3.8/site-packages/sqlalchemy/util/langhelpers.py", line 70, in __exit__
    compat.raise_(
  File "/home/airflow/.local/lib/python3.8/site-packages/sqlalchemy/util/compat.py", line 211, in raise_
    raise exception
  File "/home/airflow/.local/lib/python3.8/site-packages/sqlalchemy/pool/impl.py", line 143, in _do_get
    return self._create_connection()
  File "/home/airflow/.local/lib/python3.8/site-packages/sqlalchemy/pool/base.py", line 273, in _create_connection
    return _ConnectionRecord(self)
  File "/home/airflow/.local/lib/python3.8/site-packages/sqlalchemy/pool/base.py", line 388, in __init__
    self.__connect()
  File "/home/airflow/.local/lib/python3.8/site-packages/sqlalchemy/pool/base.py", line 691, in __connect
    pool.logger.debug("Error on connect(): %s", e)
  File "/home/airflow/.local/lib/python3.8/site-packages/sqlalchemy/util/langhelpers.py", line 70, in __exit__
    compat.raise_(
  File "/home/airflow/.local/lib/python3.8/site-packages/sqlalchemy/util/compat.py", line 211, in raise_
    raise exception
  File "/home/airflow/.local/lib/python3.8/site-packages/sqlalchemy/pool/base.py", line 686, in __connect
    self.dbapi_connection = connection = pool._invoke_creator(self)
  File "/home/airflow/.local/lib/python3.8/site-packages/sqlalchemy/engine/create.py", line 574, in connect
    return dialect.connect(*cargs, **cparams)
  File "/home/airflow/.local/lib/python3.8/site-packages/sqlalchemy/engine/default.py", line 598, in connect
    return self.dbapi.connect(*cargs, **cparams)
  File "/home/airflow/.local/lib/python3.8/site-packages/psycopg2/__init__.py", line 122, in connect
    conn = _connect(dsn, connection_factory=connection_factory, **kwasync)
sqlalchemy.exc.OperationalError: (psycopg2.OperationalError) could not translate host name "postgres" to address: Temporary failure in name resolution

(Background on this error at: https://sqlalche.me/e/14/e3q8)
[2026-02-19T13:56:00.330+0000] {processor.py:157} INFO - Started process (PID=301) to work on /opt/airflow/dags/weather_dag.py
[2026-02-19T13:56:00.338+0000] {processor.py:829} INFO - Processing file /opt/airflow/dags/weather_dag.py for tasks to queue
[2026-02-19T13:56:00.342+0000] {logging_mixin.py:154} INFO - [2026-02-19T13:56:00.340+0000] {dagbag.py:536} INFO - Filling up the DagBag from /opt/airflow/dags/weather_dag.py
[2026-02-19T13:56:00.430+0000] {logging_mixin.py:154} INFO - [2026-02-19T13:56:00.413+0000] {dagbag.py:346} ERROR - Failed to import: /opt/airflow/dags/weather_dag.py
Traceback (most recent call last):
  File "/home/airflow/.local/lib/python3.8/site-packages/airflow/models/dagbag.py", line 342, in parse
    loader.exec_module(new_module)
  File "<frozen importlib._bootstrap_external>", line 843, in exec_module
  File "<frozen importlib._bootstrap>", line 219, in _call_with_frames_removed
  File "/opt/airflow/dags/weather_dag.py", line 3, in <module>
    from airflow.providers.microsoft.mssql.hooks.mssql import MsSqlHook
ModuleNotFoundError: No module named 'airflow.providers.microsoft.mssql'
[2026-02-19T13:56:00.434+0000] {processor.py:841} WARNING - No viable dags retrieved from /opt/airflow/dags/weather_dag.py
[2026-02-19T13:56:10.472+0000] {processor.py:182} ERROR - Got an exception! Propagating...
Traceback (most recent call last):
  File "/home/airflow/.local/lib/python3.8/site-packages/sqlalchemy/engine/base.py", line 3371, in _wrap_pool_connect
    return fn()
  File "/home/airflow/.local/lib/python3.8/site-packages/sqlalchemy/pool/base.py", line 327, in connect
    return _ConnectionFairy._checkout(self)
  File "/home/airflow/.local/lib/python3.8/site-packages/sqlalchemy/pool/base.py", line 894, in _checkout
    fairy = _ConnectionRecord.checkout(pool)
  File "/home/airflow/.local/lib/python3.8/site-packages/sqlalchemy/pool/base.py", line 493, in checkout
    rec = pool._do_get()
  File "/home/airflow/.local/lib/python3.8/site-packages/sqlalchemy/pool/impl.py", line 146, in _do_get
    self._dec_overflow()
  File "/home/airflow/.local/lib/python3.8/site-packages/sqlalchemy/util/langhelpers.py", line 70, in __exit__
    compat.raise_(
  File "/home/airflow/.local/lib/python3.8/site-packages/sqlalchemy/util/compat.py", line 211, in raise_
    raise exception
  File "/home/airflow/.local/lib/python3.8/site-packages/sqlalchemy/pool/impl.py", line 143, in _do_get
    return self._create_connection()
  File "/home/airflow/.local/lib/python3.8/site-packages/sqlalchemy/pool/base.py", line 273, in _create_connection
    return _ConnectionRecord(self)
  File "/home/airflow/.local/lib/python3.8/site-packages/sqlalchemy/pool/base.py", line 388, in __init__
    self.__connect()
  File "/home/airflow/.local/lib/python3.8/site-packages/sqlalchemy/pool/base.py", line 691, in __connect
    pool.logger.debug("Error on connect(): %s", e)
  File "/home/airflow/.local/lib/python3.8/site-packages/sqlalchemy/util/langhelpers.py", line 70, in __exit__
    compat.raise_(
  File "/home/airflow/.local/lib/python3.8/site-packages/sqlalchemy/util/compat.py", line 211, in raise_
    raise exception
  File "/home/airflow/.local/lib/python3.8/site-packages/sqlalchemy/pool/base.py", line 686, in __connect
    self.dbapi_connection = connection = pool._invoke_creator(self)
  File "/home/airflow/.local/lib/python3.8/site-packages/sqlalchemy/engine/create.py", line 574, in connect
    return dialect.connect(*cargs, **cparams)
  File "/home/airflow/.local/lib/python3.8/site-packages/sqlalchemy/engine/default.py", line 598, in connect
    return self.dbapi.connect(*cargs, **cparams)
  File "/home/airflow/.local/lib/python3.8/site-packages/psycopg2/__init__.py", line 122, in connect
    conn = _connect(dsn, connection_factory=connection_factory, **kwasync)
psycopg2.OperationalError: could not translate host name "postgres" to address: Temporary failure in name resolution


The above exception was the direct cause of the following exception:

Traceback (most recent call last):
  File "/home/airflow/.local/lib/python3.8/site-packages/airflow/dag_processing/processor.py", line 178, in _run_file_processor
    _handle_dag_file_processing()
  File "/home/airflow/.local/lib/python3.8/site-packages/airflow/dag_processing/processor.py", line 159, in _handle_dag_file_processing
    result: tuple[int, int] = dag_file_processor.process_file(
  File "/home/airflow/.local/lib/python3.8/site-packages/airflow/utils/session.py", line 79, in wrapper
    return func(*args, session=session, **kwargs)
  File "/home/airflow/.local/lib/python3.8/site-packages/airflow/dag_processing/processor.py", line 842, in process_file
    DagFileProcessor.update_import_errors(
  File "/home/airflow/.local/lib/python3.8/site-packages/airflow/api_internal/internal_api_call.py", line 114, in wrapper
    return func(*args, **kwargs)
  File "/home/airflow/.local/lib/python3.8/site-packages/airflow/utils/session.py", line 76, in wrapper
    return func(*args, **kwargs)
  File "/home/airflow/.local/lib/python3.8/site-packages/airflow/dag_processing/processor.py", line 625, in update_import_errors
    existing_import_error_files = [x.filename for x in session.query(errors.ImportError.filename).all()]
  File "/home/airflow/.local/lib/python3.8/site-packages/sqlalchemy/orm/query.py", line 2773, in all
    return self._iter().all()
  File "/home/airflow/.local/lib/python3.8/site-packages/sqlalchemy/orm/query.py", line 2916, in _iter
    result = self.session.execute(
  File "/home/airflow/.local/lib/python3.8/site-packages/sqlalchemy/orm/session.py", line 1716, in execute
    conn = self._connection_for_bind(bind)
  File "/home/airflow/.local/lib/python3.8/site-packages/sqlalchemy/orm/session.py", line 1555, in _connection_for_bind
    return self._transaction._connection_for_bind(
  File "/home/airflow/.local/lib/python3.8/site-packages/sqlalchemy/orm/session.py", line 750, in _connection_for_bind
    conn = bind.connect()
  File "/home/airflow/.local/lib/python3.8/site-packages/sqlalchemy/future/engine.py", line 406, in connect
    return super(Engine, self).connect()
  File "/home/airflow/.local/lib/python3.8/site-packages/sqlalchemy/engine/base.py", line 3325, in connect
    return self._connection_cls(self, close_with_result=close_with_result)
  File "/home/airflow/.local/lib/python3.8/site-packages/sqlalchemy/engine/base.py", line 96, in __init__
    else engine.raw_connection()
  File "/home/airflow/.local/lib/python3.8/site-packages/sqlalchemy/engine/base.py", line 3404, in raw_connection
    return self._wrap_pool_connect(self.pool.connect, _connection)
  File "/home/airflow/.local/lib/python3.8/site-packages/sqlalchemy/engine/base.py", line 3374, in _wrap_pool_connect
    Connection._handle_dbapi_exception_noconnection(
  File "/home/airflow/.local/lib/python3.8/site-packages/sqlalchemy/engine/base.py", line 2208, in _handle_dbapi_exception_noconnection
    util.raise_(
  File "/home/airflow/.local/lib/python3.8/site-packages/sqlalchemy/util/compat.py", line 211, in raise_
    raise exception
  File "/home/airflow/.local/lib/python3.8/site-packages/sqlalchemy/engine/base.py", line 3371, in _wrap_pool_connect
    return fn()
  File "/home/airflow/.local/lib/python3.8/site-packages/sqlalchemy/pool/base.py", line 327, in connect
    return _ConnectionFairy._checkout(self)
  File "/home/airflow/.local/lib/python3.8/site-packages/sqlalchemy/pool/base.py", line 894, in _checkout
    fairy = _ConnectionRecord.checkout(pool)
  File "/home/airflow/.local/lib/python3.8/site-packages/sqlalchemy/pool/base.py", line 493, in checkout
    rec = pool._do_get()
  File "/home/airflow/.local/lib/python3.8/site-packages/sqlalchemy/pool/impl.py", line 146, in _do_get
    self._dec_overflow()
  File "/home/airflow/.local/lib/python3.8/site-packages/sqlalchemy/util/langhelpers.py", line 70, in __exit__
    compat.raise_(
  File "/home/airflow/.local/lib/python3.8/site-packages/sqlalchemy/util/compat.py", line 211, in raise_
    raise exception
  File "/home/airflow/.local/lib/python3.8/site-packages/sqlalchemy/pool/impl.py", line 143, in _do_get
    return self._create_connection()
  File "/home/airflow/.local/lib/python3.8/site-packages/sqlalchemy/pool/base.py", line 273, in _create_connection
    return _ConnectionRecord(self)
  File "/home/airflow/.local/lib/python3.8/site-packages/sqlalchemy/pool/base.py", line 388, in __init__
    self.__connect()
  File "/home/airflow/.local/lib/python3.8/site-packages/sqlalchemy/pool/base.py", line 691, in __connect
    pool.logger.debug("Error on connect(): %s", e)
  File "/home/airflow/.local/lib/python3.8/site-packages/sqlalchemy/util/langhelpers.py", line 70, in __exit__
    compat.raise_(
  File "/home/airflow/.local/lib/python3.8/site-packages/sqlalchemy/util/compat.py", line 211, in raise_
    raise exception
  File "/home/airflow/.local/lib/python3.8/site-packages/sqlalchemy/pool/base.py", line 686, in __connect
    self.dbapi_connection = connection = pool._invoke_creator(self)
  File "/home/airflow/.local/lib/python3.8/site-packages/sqlalchemy/engine/create.py", line 574, in connect
    return dialect.connect(*cargs, **cparams)
  File "/home/airflow/.local/lib/python3.8/site-packages/sqlalchemy/engine/default.py", line 598, in connect
    return self.dbapi.connect(*cargs, **cparams)
  File "/home/airflow/.local/lib/python3.8/site-packages/psycopg2/__init__.py", line 122, in connect
    conn = _connect(dsn, connection_factory=connection_factory, **kwasync)
sqlalchemy.exc.OperationalError: (psycopg2.OperationalError) could not translate host name "postgres" to address: Temporary failure in name resolution

(Background on this error at: https://sqlalche.me/e/14/e3q8)
[2026-02-19T13:56:41.532+0000] {processor.py:157} INFO - Started process (PID=306) to work on /opt/airflow/dags/weather_dag.py
[2026-02-19T13:56:41.534+0000] {processor.py:829} INFO - Processing file /opt/airflow/dags/weather_dag.py for tasks to queue
[2026-02-19T13:56:41.538+0000] {logging_mixin.py:154} INFO - [2026-02-19T13:56:41.535+0000] {dagbag.py:536} INFO - Filling up the DagBag from /opt/airflow/dags/weather_dag.py
[2026-02-19T13:56:41.628+0000] {logging_mixin.py:154} INFO - [2026-02-19T13:56:41.598+0000] {dagbag.py:346} ERROR - Failed to import: /opt/airflow/dags/weather_dag.py
Traceback (most recent call last):
  File "/home/airflow/.local/lib/python3.8/site-packages/airflow/models/dagbag.py", line 342, in parse
    loader.exec_module(new_module)
  File "<frozen importlib._bootstrap_external>", line 843, in exec_module
  File "<frozen importlib._bootstrap>", line 219, in _call_with_frames_removed
  File "/opt/airflow/dags/weather_dag.py", line 3, in <module>
    from airflow.providers.microsoft.mssql.hooks.mssql import MsSqlHook
ModuleNotFoundError: No module named 'airflow.providers.microsoft.mssql'
[2026-02-19T13:56:41.634+0000] {processor.py:841} WARNING - No viable dags retrieved from /opt/airflow/dags/weather_dag.py
[2026-02-19T13:56:51.681+0000] {processor.py:182} ERROR - Got an exception! Propagating...
Traceback (most recent call last):
  File "/home/airflow/.local/lib/python3.8/site-packages/sqlalchemy/engine/base.py", line 3371, in _wrap_pool_connect
    return fn()
  File "/home/airflow/.local/lib/python3.8/site-packages/sqlalchemy/pool/base.py", line 327, in connect
    return _ConnectionFairy._checkout(self)
  File "/home/airflow/.local/lib/python3.8/site-packages/sqlalchemy/pool/base.py", line 894, in _checkout
    fairy = _ConnectionRecord.checkout(pool)
  File "/home/airflow/.local/lib/python3.8/site-packages/sqlalchemy/pool/base.py", line 493, in checkout
    rec = pool._do_get()
  File "/home/airflow/.local/lib/python3.8/site-packages/sqlalchemy/pool/impl.py", line 146, in _do_get
    self._dec_overflow()
  File "/home/airflow/.local/lib/python3.8/site-packages/sqlalchemy/util/langhelpers.py", line 70, in __exit__
    compat.raise_(
  File "/home/airflow/.local/lib/python3.8/site-packages/sqlalchemy/util/compat.py", line 211, in raise_
    raise exception
  File "/home/airflow/.local/lib/python3.8/site-packages/sqlalchemy/pool/impl.py", line 143, in _do_get
    return self._create_connection()
  File "/home/airflow/.local/lib/python3.8/site-packages/sqlalchemy/pool/base.py", line 273, in _create_connection
    return _ConnectionRecord(self)
  File "/home/airflow/.local/lib/python3.8/site-packages/sqlalchemy/pool/base.py", line 388, in __init__
    self.__connect()
  File "/home/airflow/.local/lib/python3.8/site-packages/sqlalchemy/pool/base.py", line 691, in __connect
    pool.logger.debug("Error on connect(): %s", e)
  File "/home/airflow/.local/lib/python3.8/site-packages/sqlalchemy/util/langhelpers.py", line 70, in __exit__
    compat.raise_(
  File "/home/airflow/.local/lib/python3.8/site-packages/sqlalchemy/util/compat.py", line 211, in raise_
    raise exception
  File "/home/airflow/.local/lib/python3.8/site-packages/sqlalchemy/pool/base.py", line 686, in __connect
    self.dbapi_connection = connection = pool._invoke_creator(self)
  File "/home/airflow/.local/lib/python3.8/site-packages/sqlalchemy/engine/create.py", line 574, in connect
    return dialect.connect(*cargs, **cparams)
  File "/home/airflow/.local/lib/python3.8/site-packages/sqlalchemy/engine/default.py", line 598, in connect
    return self.dbapi.connect(*cargs, **cparams)
  File "/home/airflow/.local/lib/python3.8/site-packages/psycopg2/__init__.py", line 122, in connect
    conn = _connect(dsn, connection_factory=connection_factory, **kwasync)
psycopg2.OperationalError: could not translate host name "postgres" to address: Temporary failure in name resolution


The above exception was the direct cause of the following exception:

Traceback (most recent call last):
  File "/home/airflow/.local/lib/python3.8/site-packages/airflow/dag_processing/processor.py", line 178, in _run_file_processor
    _handle_dag_file_processing()
  File "/home/airflow/.local/lib/python3.8/site-packages/airflow/dag_processing/processor.py", line 159, in _handle_dag_file_processing
    result: tuple[int, int] = dag_file_processor.process_file(
  File "/home/airflow/.local/lib/python3.8/site-packages/airflow/utils/session.py", line 79, in wrapper
    return func(*args, session=session, **kwargs)
  File "/home/airflow/.local/lib/python3.8/site-packages/airflow/dag_processing/processor.py", line 842, in process_file
    DagFileProcessor.update_import_errors(
  File "/home/airflow/.local/lib/python3.8/site-packages/airflow/api_internal/internal_api_call.py", line 114, in wrapper
    return func(*args, **kwargs)
  File "/home/airflow/.local/lib/python3.8/site-packages/airflow/utils/session.py", line 76, in wrapper
    return func(*args, **kwargs)
  File "/home/airflow/.local/lib/python3.8/site-packages/airflow/dag_processing/processor.py", line 625, in update_import_errors
    existing_import_error_files = [x.filename for x in session.query(errors.ImportError.filename).all()]
  File "/home/airflow/.local/lib/python3.8/site-packages/sqlalchemy/orm/query.py", line 2773, in all
    return self._iter().all()
  File "/home/airflow/.local/lib/python3.8/site-packages/sqlalchemy/orm/query.py", line 2916, in _iter
    result = self.session.execute(
  File "/home/airflow/.local/lib/python3.8/site-packages/sqlalchemy/orm/session.py", line 1716, in execute
    conn = self._connection_for_bind(bind)
  File "/home/airflow/.local/lib/python3.8/site-packages/sqlalchemy/orm/session.py", line 1555, in _connection_for_bind
    return self._transaction._connection_for_bind(
  File "/home/airflow/.local/lib/python3.8/site-packages/sqlalchemy/orm/session.py", line 750, in _connection_for_bind
    conn = bind.connect()
  File "/home/airflow/.local/lib/python3.8/site-packages/sqlalchemy/future/engine.py", line 406, in connect
    return super(Engine, self).connect()
  File "/home/airflow/.local/lib/python3.8/site-packages/sqlalchemy/engine/base.py", line 3325, in connect
    return self._connection_cls(self, close_with_result=close_with_result)
  File "/home/airflow/.local/lib/python3.8/site-packages/sqlalchemy/engine/base.py", line 96, in __init__
    else engine.raw_connection()
  File "/home/airflow/.local/lib/python3.8/site-packages/sqlalchemy/engine/base.py", line 3404, in raw_connection
    return self._wrap_pool_connect(self.pool.connect, _connection)
  File "/home/airflow/.local/lib/python3.8/site-packages/sqlalchemy/engine/base.py", line 3374, in _wrap_pool_connect
    Connection._handle_dbapi_exception_noconnection(
  File "/home/airflow/.local/lib/python3.8/site-packages/sqlalchemy/engine/base.py", line 2208, in _handle_dbapi_exception_noconnection
    util.raise_(
  File "/home/airflow/.local/lib/python3.8/site-packages/sqlalchemy/util/compat.py", line 211, in raise_
    raise exception
  File "/home/airflow/.local/lib/python3.8/site-packages/sqlalchemy/engine/base.py", line 3371, in _wrap_pool_connect
    return fn()
  File "/home/airflow/.local/lib/python3.8/site-packages/sqlalchemy/pool/base.py", line 327, in connect
    return _ConnectionFairy._checkout(self)
  File "/home/airflow/.local/lib/python3.8/site-packages/sqlalchemy/pool/base.py", line 894, in _checkout
    fairy = _ConnectionRecord.checkout(pool)
  File "/home/airflow/.local/lib/python3.8/site-packages/sqlalchemy/pool/base.py", line 493, in checkout
    rec = pool._do_get()
  File "/home/airflow/.local/lib/python3.8/site-packages/sqlalchemy/pool/impl.py", line 146, in _do_get
    self._dec_overflow()
  File "/home/airflow/.local/lib/python3.8/site-packages/sqlalchemy/util/langhelpers.py", line 70, in __exit__
    compat.raise_(
  File "/home/airflow/.local/lib/python3.8/site-packages/sqlalchemy/util/compat.py", line 211, in raise_
    raise exception
  File "/home/airflow/.local/lib/python3.8/site-packages/sqlalchemy/pool/impl.py", line 143, in _do_get
    return self._create_connection()
  File "/home/airflow/.local/lib/python3.8/site-packages/sqlalchemy/pool/base.py", line 273, in _create_connection
    return _ConnectionRecord(self)
  File "/home/airflow/.local/lib/python3.8/site-packages/sqlalchemy/pool/base.py", line 388, in __init__
    self.__connect()
  File "/home/airflow/.local/lib/python3.8/site-packages/sqlalchemy/pool/base.py", line 691, in __connect
    pool.logger.debug("Error on connect(): %s", e)
  File "/home/airflow/.local/lib/python3.8/site-packages/sqlalchemy/util/langhelpers.py", line 70, in __exit__
    compat.raise_(
  File "/home/airflow/.local/lib/python3.8/site-packages/sqlalchemy/util/compat.py", line 211, in raise_
    raise exception
  File "/home/airflow/.local/lib/python3.8/site-packages/sqlalchemy/pool/base.py", line 686, in __connect
    self.dbapi_connection = connection = pool._invoke_creator(self)
  File "/home/airflow/.local/lib/python3.8/site-packages/sqlalchemy/engine/create.py", line 574, in connect
    return dialect.connect(*cargs, **cparams)
  File "/home/airflow/.local/lib/python3.8/site-packages/sqlalchemy/engine/default.py", line 598, in connect
    return self.dbapi.connect(*cargs, **cparams)
  File "/home/airflow/.local/lib/python3.8/site-packages/psycopg2/__init__.py", line 122, in connect
    conn = _connect(dsn, connection_factory=connection_factory, **kwasync)
sqlalchemy.exc.OperationalError: (psycopg2.OperationalError) could not translate host name "postgres" to address: Temporary failure in name resolution

(Background on this error at: https://sqlalche.me/e/14/e3q8)
